{
  "agent_norm": [
    4.072006074690106,
    51.007720387013066,
    44.39415407618749,
    68.00654548940189,
    77.3821183521783,
    52.64210437172462,
    46.84741436735844,
    75.57670628820759,
    35.07627388470366,
    28.925221396283785,
    36.18413368342677,
    23.282309179493687,
    18.91368493809426,
    77.37379803528141,
    78.39981745792909
  ],
  "agent_norm_T": [
    169,
    2177,
    4181,
    6191,
    8200,
    10208,
    12216,
    14218,
    16222,
    18228,
    20229,
    22238,
    24251,
    26253,
    28261
  ],
  "central_loss": [
    869.3087158203125,
    48.10496520996094,
    35.07111740112305,
    57.710514068603516,
    32.43144607543945,
    46.0412712097168,
    57.33864212036133,
    42.0826301574707,
    45.741432189941406,
    37.37855911254883,
    37.849796295166016,
    30.89580535888672,
    36.924049377441406,
    63.6296501159668,
    52.423038482666016
  ],
  "central_loss_T": [
    169,
    2177,
    4181,
    6191,
    8200,
    10208,
    12216,
    14218,
    16222,
    18228,
    20229,
    22238,
    24251,
    26253,
    28261
  ],
  "ep_length_mean": [
    1.25,
    1.3210526315789475,
    1.3234126984126984,
    1.285897435897436,
    1.280612244897959,
    1.2664141414141414,
    1.2786989795918366,
    1.2389162561576355,
    1.2364532019704433,
    1.2172330097087378,
    1.2095410628019323,
    1.173481308411215,
    1.1952380952380952,
    1.1795774647887325,
    1.1633720930232558
  ],
  "ep_length_mean_T": [
    10,
    2018,
    4019,
    6025,
    8033,
    10039,
    12044,
    14056,
    16064,
    18070,
    20073,
    22082,
    24090,
    26100,
    28101
  ],
  "episode": [
    1520,
    3032,
    4592,
    6160,
    7744,
    9312,
    10928,
    12544,
    14192,
    15848,
    17552,
    19232,
    20928,
    22648
  ],
  "episode_T": [
    2009,
    4011,
    6017,
    8022,
    10030,
    12030,
    14034,
    16038,
    18041,
    20043,
    22046,
    24051,
    26054,
    28055
  ],
  "epsilon": [
    1.0,
    0.9809145,
    0.9618955,
    0.9428385,
    0.923791,
    0.904715,
    0.885715,
    0.8665915,
    0.8474775,
    0.8284395,
    0.809392,
    0.790316,
    0.7712305,
    0.7521545000000001,
    0.7331165000000001
  ],
  "epsilon_T": [
    10,
    2018,
    4019,
    6025,
    8033,
    10039,
    12044,
    14056,
    16064,
    18070,
    20073,
    22082,
    24090,
    26100,
    28101
  ],
  "grad_norm": [
    164.47435774735342,
    97.21562751271475,
    105.19285831133536,
    103.72208041872851,
    110.89651359268444,
    84.00793012913722,
    64.98300935753417,
    102.71456289592338,
    75.80184768306333,
    136.3167927726197,
    80.52390306856894,
    53.212053969148954,
    57.937505551451544,
    135.3383474787486,
    120.15879576823379
  ],
  "grad_norm_T": [
    169,
    2177,
    4181,
    6191,
    8200,
    10208,
    12216,
    14218,
    16222,
    18228,
    20229,
    22238,
    24251,
    26253,
    28261
  ],
  "loss": [
    1083.656982421875,
    186.69406127929688,
    163.16537475585938,
    238.99090576171875,
    181.75308227539062,
    182.94967651367188,
    208.17042541503906,
    163.64662170410156,
    195.372314453125,
    212.2032012939453,
    212.96951293945312,
    237.79827880859375,
    157.088134765625,
    238.63742065429688,
    200.33242797851562
  ],
  "loss_T": [
    169,
    2177,
    4181,
    6191,
    8200,
    10208,
    12216,
    14218,
    16222,
    18228,
    20229,
    22238,
    24251,
    26253,
    28261
  ],
  "mixer_norm": [
    8.74083469448579,
    32.53242946427462,
    32.090412894684896,
    26.972349410190162,
    31.357877125022494,
    32.156143482187844,
    30.54597289523273,
    23.923559778936564,
    22.014825982449228,
    25.765128711597153,
    25.895725006794,
    25.552514337784178,
    28.95772646259871,
    61.52802201741134,
    47.57220501139974
  ],
  "mixer_norm_T": [
    169,
    2177,
    4181,
    6191,
    8200,
    10208,
    12216,
    14218,
    16222,
    18228,
    20229,
    22238,
    24251,
    26253,
    28261
  ],
  "q_taken_mean": [
    0.27240606454702526,
    -3.9324308696546053,
    -3.457406765077172,
    -3.9501964024135043,
    -3.914588252200356,
    -4.99576416015625,
    -3.131671142578125,
    -3.8116993400621118,
    -4.758371612172068,
    -2.4257880089266988,
    -2.207200333878801,
    -3.2983429159894087,
    -4.0231372398018035,
    -3.134222331799959,
    -3.7795020318800403
  ],
  "q_taken_mean_T": [
    169,
    2177,
    4181,
    6191,
    8200,
    10208,
    12216,
    14218,
    16222,
    18228,
    20229,
    22238,
    24251,
    26253,
    28261
  ],
  "qmix_loss": [
    214.34820556640625,
    138.58909606933594,
    128.09425354003906,
    181.2803955078125,
    149.32164001464844,
    136.9084014892578,
    150.831787109375,
    121.56399536132812,
    149.63087463378906,
    174.82464599609375,
    175.11972045898438,
    206.90248107910156,
    120.16407775878906,
    175.0077667236328,
    147.90939331054688
  ],
  "qmix_loss_T": [
    169,
    2177,
    4181,
    6191,
    8200,
    10208,
    12216,
    14218,
    16222,
    18228,
    20229,
    22238,
    24251,
    26253,
    28261
  ],
  "return_mean": [
    -9.875,
    -27.269736842105264,
    -28.474867724867725,
    -28.192307692307693,
    -28.774872448979593,
    -28.300505050505052,
    -28.57844387755102,
    -29.767857142857142,
    -27.792487684729064,
    -27.29854368932039,
    -28.92753623188406,
    -27.473130841121495,
    -27.652380952380952,
    -30.495892018779344,
    -29.46046511627907
  ],
  "return_mean_T": [
    10,
    2018,
    4019,
    6025,
    8033,
    10039,
    12044,
    14056,
    16064,
    18070,
    20073,
    22082,
    24090,
    26100,
    28101
  ],
  "return_std": [
    26.647877495215262,
    35.91781012452282,
    36.116901656979984,
    36.086490721920775,
    36.47021018380724,
    35.866096364558445,
    36.53114368320506,
    36.95531753253287,
    36.78367620549549,
    36.882053517470624,
    37.78953686972622,
    37.740480974896506,
    38.902174245120705,
    38.843190012594704,
    39.071857709865114
  ],
  "return_std_T": [
    10,
    2018,
    4019,
    6025,
    8033,
    10039,
    12044,
    14056,
    16064,
    18070,
    20073,
    22082,
    24090,
    26100,
    28101
  ],
  "target_mean": [
    -12.588703945543639,
    -13.682525813230994,
    -12.501674745141006,
    -15.410657610212054,
    -12.923786404766615,
    -12.944298946496213,
    -11.859578929227942,
    -12.256359029260482,
    -13.903297706886574,
    -14.647100461409396,
    -11.841038884343329,
    -16.49790596161913,
    -10.74967721004614,
    -13.328440616005345,
    -13.241253465221774
  ],
  "target_mean_T": [
    169,
    2177,
    4181,
    6191,
    8200,
    10208,
    12216,
    14218,
    16222,
    18228,
    20229,
    22238,
    24251,
    26253,
    28261
  ],
  "td_error_abs": [
    32.933738211908285,
    23.910099141081872,
    22.109046005621188,
    27.425173804873513,
    23.365246736550635,
    21.473344282670453,
    22.718132467830884,
    20.920378311820652,
    23.05743182146991,
    27.59311752831376,
    23.86163495038007,
    29.969074428481544,
    18.797702456480703,
    24.937911184210527,
    22.799133694556453
  ],
  "td_error_abs_T": [
    169,
    2177,
    4181,
    6191,
    8200,
    10208,
    12216,
    14218,
    16222,
    18228,
    20229,
    22238,
    24251,
    26253,
    28261
  ],
  "test_ep_length_mean": [
    1.0,
    1.0
  ],
  "test_ep_length_mean_T": [
    10,
    20013
  ],
  "test_return_mean": [
    -70.0,
    -25.0
  ],
  "test_return_mean_T": [
    10,
    20013
  ],
  "test_return_std": [
    51.96152422706632,
    58.09475019311125
  ],
  "test_return_std_T": [
    10,
    20013
  ],