{
  "actor_loss": [
    0.6189739108085632,
    0.8444749712944031,
    0.6417196989059448
  ],
  "actor_loss_T": [
    113,
    2118,
    4119
  ],
  "advantage_mean": [
    -0.8031494005591469,
    -0.8459736824035644,
    -0.7328038962490587
  ],
  "advantage_mean_T": [
    113,
    2118,
    4119
  ],
  "critic_loss": [
    1.1239759922027588,
    2.5094916820526123,
    3.071011543273926
  ],
  "critic_loss_T": [
    113,
    2118,
    4119
  ],
  "entropy_loss": [
    2.708075523376465,
    2.734954357147217,
    2.6967334747314453
  ],
  "entropy_loss_T": [
    113,
    2118,
    4119
  ],
  "ep_length_mean": [
    1.0,
    1.3508064516129032,
    1.3297872340425532
  ],
  "ep_length_mean_T": [
    8,
    2018,
    4018
  ],
  "episode": [
    1488,
    2992
  ],
  "episode_T": [
    2007,
    4009
  ],
  "epsilon": [
    1.0,
    0.9809335,
    0.9619145
  ],
  "epsilon_T": [
    8,
    2018,
    4018
  ],
  "grad_norm": [
    2.615021628775552,
    0.3758723601986071,
    0.549105224628624
  ],
  "grad_norm_T": [
    113,
    2118,
    4119
  ],
  "lr": [
    0.005,
    0.005,
    0.005
  ],
  "lr_T": [
    113,
    2118,
    4119
  ],
  "return_mean": [
    -25.75,
    -26.79032258064516,
    -27.305186170212767
  ],
  "return_mean_T": [
    8,
    2018,
    4018
  ],
  "return_std": [
    30.127852562039664,
    36.23924182820384,
    35.05921017057414
  ],
  "return_std_T": [
    8,
    2018,
    4018
  ],
  "target_mean": [
    -0.8044075079723797,
    -0.9485282897949219,
    -1.0493432470114834
  ],
  "target_mean_T": [
    113,
    2118,
    4119
  ],
  "test_ep_length_mean": [
    1.0,
    1.0,
    1.0
  ],
  "test_ep_length_mean_T": [
    8,
    2018,
    4018
  ],
  "test_return_mean": [
    -19.75,
    -22.875,
    -24.75
  ],
  "test_return_mean_T": [
    8,
    2018,
    4018
  ],
  "test_return_std": [
    29.973947020704497,
    29.94134891750871,
    29.764702249476645
  ],
  "test_return_std_T": [
    8,
    2018,
    4018
  ]
}