{
  "agent_norm": [
    1.5123870153827645,
    3.7583144762884495,
    22.28200254826226,
    35.203129627766366,
    89.50160275046076
  ],
  "agent_norm_T": [
    3840,
    6000,
    8160,
    10320,
    12480
  ],
  "central_loss": [
    3367.875732421875,
    3054.934326171875,
    2844.766357421875,
    1130.9293212890625,
    2492.368408203125
  ],
  "central_loss_T": [
    3840,
    6000,
    8160,
    10320,
    12480
  ],
  "ep_length_mean": [
    30.0,
    30.0,
    30.0,
    30.0,
    30.0,
    30.0,
    30.0
  ],
  "ep_length_mean_T": [
    240,
    2400,
    4560,
    6720,
    8880,
    11040,
    13200
  ],
  "episode": [
    72,
    144,
    216,
    288,
    360,
    432
  ],
  "episode_T": [
    2160,
    4320,
    6480,
    8640,
    10800,
    12960
  ],
  "epsilon": [
    1.0,
    0.97948,
    0.95896,
    0.93844,
    0.9179200000000001,
    0.8974,
    0.87688
  ],
  "epsilon_T": [
    240,
    2400,
    4560,
    6720,
    8880,
    11040,
    13200
  ],
  "grad_norm": [
    357.3706045455103,
    565.1445501542509,
    1746.3032171316104,
    2716.074083510996,
    8491.675670820277
  ],
  "grad_norm_T": [
    3840,
    6000,
    8160,
    10320,
    12480
  ],
  "loss": [
    4683.05908203125,
    3967.35107421875,
    4019.82177734375,
    1904.1170654296875,
    4884.13037109375
  ],
  "loss_T": [
    3840,
    6000,
    8160,
    10320,
    12480
  ],
  "mixer_norm": [
    76.04019066091918,
    79.23819189343276,
    102.11832892025943,
    151.44466473200208,
    427.1719084769436
  ],
  "mixer_norm_T": [
    3840,
    6000,
    8160,
    10320,
    12480
  ],
  "q_taken_mean": [
    0.5473394393920898,
    -0.932249387105306,
    -2.958643341064453,
    -7.0494944254557295,
    -12.048672485351563
  ],
  "q_taken_mean_T": [
    3840,
    6000,
    8160,
    10320,
    12480
  ],
  "qmix_loss": [
    1315.183349609375,
    912.4168090820312,
    1175.055419921875,
    773.187744140625,
    2391.761962890625
  ],
  "qmix_loss_T": [
    3840,
    6000,
    8160,
    10320,
    12480
  ],
  "return_mean": [
    -553.5,
    -946.5694444444445,
    -973.4583333333334,
    -1014.7222222222222,
    -1024.4305555555557,
    -947.7083333333334,
    -952.2361111111111
  ],
  "return_mean_T": [
    240,
    2400,
    4560,
    6720,
    8880,
    11040,
    13200
  ],
  "return_std": [
    313.329698560478,
    118.55938811752728,
    100.64858246780119,
    77.63558430653616,
    78.17729607701702,
    99.1614056727717,
    84.59289651284024
  ],
  "return_std_T": [
    240,
    2400,
    4560,
    6720,
    8880,
    11040,
    13200
  ],
  "target_mean": [
    -73.00774739583333,
    -74.785205078125,
    -79.33443196614583,
    -79.61416015625,
    -154.85032552083334
  ],
  "target_mean_T": [
    3840,
    6000,
    8160,
    10320,
    12480
  ],
  "td_error_abs": [
    77.02357584635416,
    75.83534342447916,
    78.72896321614583,
    73.77892252604167,
    143.57755533854166
  ],
  "td_error_abs_T": [
    3840,
    6000,
    8160,
    10320,
    12480
  ],
  "test_ep_length_mean": [
    30.0,
    30.0,
    30.0,
    30.0,
    30.0,
    30.0,
    30.0
  ],
  "test_ep_length_mean_T": [
    240,
    2400,
    4560,
    6720,
    8880,
    11040,
    13200
  ],
  "test_return_mean": [
    -1200.0,
    -1200.0,
    -1200.0,
    -1741.0,
    -1089.0,
    -633.0,
    -930.0
  ],
  "test_return_mean_T": [
    240,
    2400,
    4560,
    6720,
    8880,
    11040,
    13200
  ],
  "test_return_std": [
    0.0,
    0.0,
    0.0,
    0.0,
    0.0,
    0.0,
    0.0
  ],
  "test_return_std_T": [
    240,
    2400,
    4560,
    6720,
    8880,
    11040,
    13200
  ],
  "w_to_use": [
    0.10656260699033737,
    0.10562510788440704,
    0.10539073497056961,
    0.10421884804964066,
    0.1030469462275505
  ],
  "w_to_use_T": [
    3840,
    6000,
    8160,
    10320,
    12480
  ]
}