{
  "agent_grad_norm": [
    0.05791152270088884,
    0.9589828683793221,
    0.20889991786156248,
    0.048227702581774994,
    0.04888194141064588,
    0.11752087827423861,
    0.0736471403184417,
    0.7939168974570973
  ],
  "agent_grad_norm_T": [
    88,
    2089,
    4096,
    6107,
    8113,
    10113,
    12117,
    14119
  ],
  "coma_loss": [
    -0.12481699883937836,
    -3.9193859100341797,
    -7.124928951263428,
    -4.893194675445557,
    -3.0236167907714844,
    -1.5284994840621948,
    -2.9362354278564453,
    -0.42298340797424316
  ],
  "coma_loss_T": [
    88,
    2089,
    4096,
    6107,
    8113,
    10113,
    12117,
    14119
  ],
  "critic_grad_norm": [
    829.8600452243413,
    583.6721916196583,
    844.5524896878701,
    230.52648838826872,
    2524.2116495796918,
    2813.496263673566,
    1826.4721853457004,
    212.57318226682037
  ],
  "critic_grad_norm_T": [
    88,
    2089,
    4096,
    6107,
    8113,
    10113,
    12117,
    14119
  ],
  "critic_loss": [
    1165.8622131347656,
    1030.6499875386555,
    81.74472493181626,
    97.74355076551437,
    358.98990631103516,
    349.8489905993144,
    296.98669179280597,
    22.442955404520035
  ],
  "critic_loss_T": [
    88,
    2089,
    4096,
    6107,
    8113,
    10113,
    12117,
    14119
  ],
  "ep_length_mean": [
    1.125,
    1.656456953642384,
    1.761443661971831,
    1.7792553191489362,
    1.8138489208633093,
    1.8039568345323742,
    1.761443661971831,
    1.6033653846153846
  ],
  "ep_length_mean_T": [
    9,
    2010,
    4011,
    6018,
    8035,
    10041,
    12042,
    14043
  ],
  "episode": [
    1216,
    2352,
    3480,
    4592,
    5704,
    6840,
    8088
  ],
  "episode_T": [
    2010,
    4011,
    6018,
    8035,
    10041,
    12042,
    14043
  ],
  "epsilon": [
    0.5,
    0.4982027,
    0.4964036,
    0.4945946,
    0.4927847,
    0.4909784,
    0.4891739,
    0.4873703
  ],
  "epsilon_T": [
    9,
    2010,
    4011,
    6018,
    8035,
    10041,
    12042,
    14043
  ],
  "pi_max": [
    0.06580413182576497,
    0.28650620024083023,
    0.25450601944556606,
    0.4423353274663289,
    0.5092925331809304,
    0.41825873391670093,
    0.5220189528031782,
    0.20087142612623132
  ],
  "pi_max_T": [
    88,
    2089,
    4096,
    6107,
    8113,
    10113,
    12117,
    14119
  ],
  "q_max_first": [
    0.0872499446074168,
    1.7696309089660645,
    1.9615178108215332,
    1.699767271677653,
    1.9723437627156575,
    2.1350905100504556,
    2.1965084075927734,
    2.3101882934570312
  ],
  "q_max_first_T": [
    88,
    2089,
    4096,
    6107,
    8113,
    10113,
    12117,
    14119
  ],
  "q_max_mean": [
    -0.4485083092252413,
    1.5177813587100824,
    1.7326425949732462,
    1.7797048988796416,
    1.9875472582640634,
    2.103380532858749,
    2.172785900267466,
    2.3281732237451633
  ],
  "q_max_mean_T": [
    88,
    2089,
    4096,
    6107,
    8113,
    10113,
    12117,
    14119
  ],
  "q_max_var": [
    NaN,
    NaN,
    NaN,
    NaN,
    NaN,
    NaN,
    NaN,
    NaN
  ],
  "q_max_var_T": [
    88,
    2089,
    4096,
    6107,
    8113,
    10113,
    12117,
    14119
  ],
  "q_min_first": [
    -0.1427729328473409,
    -13.735102335611979,
    -17.39873504638672,
    -19.298436482747395,
    -15.421048482259115,
    -17.353515625,
    -16.991541544596355,
    -17.62232716878255
  ],
  "q_min_first_T": [
    88,
    2089,
    4096,
    6107,
    8113,
    10113,
    12117,
    14119
  ],
  "q_min_mean": [
    -1.140251180794504,
    -15.376812329393685,
    -18.10315140618218,
    -19.51495442741361,
    -15.554882090622291,
    -17.520386571916266,
    -17.0111945618691,
    -17.587700682934802
  ],
  "q_min_mean_T": [
    88,
    2089,
    4096,
    6107,
    8113,
    10113,
    12117,
    14119
  ],
  "q_min_var": [
    NaN,
    NaN,
    NaN,
    NaN,
    NaN,
    NaN,
    NaN,
    NaN
  ],
  "q_min_var_T": [
    88,
    2089,
    4096,
    6107,
    8113,
    10113,
    12117,
    14119
  ],
  "q_taken_mean": [
    -6.158489608764648,
    -24.52126798044557,
    -27.334958892398408,
    -37.55598427908761,
    -30.07997238586222,
    -36.47077880242858,
    -30.56288193443927,
    -42.53465797640534
  ],
  "q_taken_mean_T": [
    88,
    2089,
    4096,
    6107,
    8113,
    10113,
    12117,
    14119
  ],
  "return_mean": [
    -19.875,
    -29.341059602649008,
    -27.783450704225352,
    -28.51241134751773,
    -29.89658273381295,
    -28.35611510791367,
    -30.704225352112676,
    -27.690705128205128
  ],
  "return_mean_T": [
    9,
    2010,
    4011,
    6018,
    8035,
    10041,
    12042,
    14043
  ],
  "return_std": [
    31.3346353896132,
    35.739114994625936,
    36.14742321375134,
    36.77157573627578,
    36.68244423346128,
    35.99576536866467,
    36.33324123672588,
    34.78549897940784
  ],
  "return_std_T": [
    9,
    2010,
    4011,
    6018,
    8035,
    10041,
    12042,
    14043
  ],
  "target_mean": [
    -23.028419977823894,
    -42.48173897520889,
    -27.791134601169162,
    -37.861759466526316,
    -28.3258890699018,
    -29.37735544455172,
    -27.07865457253078,
    -42.83501992579575
  ],
  "target_mean_T": [
    88,
    2089,
    4096,
    6107,
    8113,
    10113,
    12117,
    14119
  ],
  "td_error_abs": [
    28.0842643822564,
    20.41477216772034,
    4.038211960262722,
    4.333231348805613,
    13.46722514120229,
    11.180716274723864,
    9.452520532176782,
    1.476871915449176
  ],
  "td_error_abs_T": [
    88,
    2089,
    4096,
    6107,
    8113,
    10113,
    12117,
    14119
  ],
  "test_ep_length_mean": [
    1.0,
    6.0,
    6.0,
    6.0,
    6.0,
    6.0,
    6.0,
    1.0
  ],
  "test_ep_length_mean_T": [
    9,
    2010,
    4011,
    6018,
    8035,
    10041,
    12042,
    14043
  ],
  "test_return_mean": [
    -25.375,
    -12.0,
    -12.0,
    -12.0,
    -12.0,
    -12.0,
    -12.0,
    -17.875
  ],
  "test_return_mean_T": [
    9,
    2010,
    4011,
    6018,
    8035,
    10041,
    12042,
    14043
  ],
  "test_return_std": [
    29.679275176459413,
    0.0,
    0.0,
    0.0,
    0.0,
    0.0,
    0.0,
    29.836795655700026
  ],
  "test_return_std_T": [
    9,
    2010,
    4011,
    6018,
    8035,
    10041,
    12042,
    14043
  ]
}