{
  "ep_length_mean": [
    1.375,
    1.3134816753926701,
    1.3115183246073299,
    1.3177631578947369,
    1.3040364583333333,
    1.2931701030927836,
    1.3005181347150259,
    1.2664141414141414,
    1.2793367346938775,
    1.250625,
    1.2722081218274113,
    1.25,
    1.2316176470588236,
    1.239480198019802,
    1.2358374384236452,
    1.2184466019417475,
    1.2327586206896552,
    1.2425742574257426,
    1.2055288461538463,
    1.2037259615384615,
    1.2077294685990339,
    1.182193396226415,
    1.1985645933014355,
    1.2019230769230769,
    1.1952380952380952,
    1.1748826291079812,
    1.1597222222222223,
    1.1227578475336324,
    1.147362385321101,
    1.1261261261261262,
    1.1312217194570136,
    1.1095132743362832,
    1.1111111111111112,
    1.1133333333333333,
    1.1199776785714286,
    1.104625550660793,
    1.0833333333333333,
    1.0827922077922079
  ],
  "ep_length_mean_T": [
    11,
    2018,
    4022,
    6025,
    8028,
    10035,
    12043,
    14049,
    16055,
    18056,
    20061,
    22071,
    24081,
    26084,
    28091,
    30099,
    32101,
    34109,
    36115,
    38118,
    40118,
    42123,
    44127,
    46127,
    48135,
    50137,
    52141,
    54144,
    56145,
    58145,
    60145,
    62151,
    64151,
    66155,
    68162,
    70168,
    72170,
    74171
  ],
  "episode": [
    1520,
    3048,
    4568,
    6104,
    7648,
    9192,
    10776,
    12344,
    13952,
    15528,
    17128,
    18752,
    20368,
    21992,
    23632,
    25256,
    26872,
    28536,
    30200,
    31864,
    33560,
    35232,
    36904,
    38584,
    40288,
    42016,
    43800,
    45552,
    47328,
    49104,
    50912,
    52712,
    54512,
    56304,
    58120,
    59968,
    61816
  ],
  "episode_T": [
    2000,
    4004,
    6005,
    8005,
    10005,
    12013,
    14021,
    16029,
    18034,
    20039,
    22039,
    24040,
    26044,
    28051,
    30053,
    32057,
    34063,
    36069,
    38072,
    40080,
    42089,
    44093,
    46098,
    48106,
    50109,
    52114,
    54118,
    56127,
    58129,
    60137,
    62142,
    64143,
    66147,
    68154,
    70159,
    72161,
    74163
  ],
  "epsilon": [
    1.0,
    0.9809145,
    0.961867,
    0.942848,
    0.923829,
    0.904753,
    0.885696,
    0.8666105,
    0.8475725000000001,
    0.8285915,
    0.8095345,
    0.790449,
    0.771335,
    0.7523065,
    0.733221,
    0.714145,
    0.6951165,
    0.67605,
    0.6570025,
    0.6379645,
    0.618974,
    0.5999075,
    0.5808695,
    0.5618695,
    0.5428125,
    0.5237935,
    0.5047460000000001,
    0.48570800000000003,
    0.4667175000000001,
    0.4476985000000001,
    0.4286985000000001,
    0.4096510000000001,
    0.3906415000000001,
    0.3716035000000001,
    0.3525370000000001,
    0.3334895000000001,
    0.3144705000000001,
    0.2954515000000001
  ],
  "epsilon_T": [
    11,
    2018,
    4022,
    6025,
    8028,
    10035,
    12043,
    14049,
    16055,
    18056,
    20061,
    22071,
    24081,
    26084,
    28091,
    30099,
    32101,
    34109,
    36115,
    38118,
    40118,
    42123,
    44127,
    46127,
    48135,
    50137,
    52141,
    54144,
    56145,
    58145,
    60145,
    62151,
    64151,
    66155,
    68162,
    70168,
    72170,
    74171
  ],
  "grad_norm": [
    262.43628930524056,
    332.8539994153095,
    374.53878710831054,
    733.6749966147335,
    405.5436079336616,
    279.81643816749175,
    267.6900120904989,
    489.83104999024334,
    242.58851885303196,
    365.644690599425,
    135.74611708448472,
    611.3358354584453,
    135.23257247077055,
    92.19548532175973,
    144.74566685501932,
    174.2288095566886,
    251.79925338235617,
    197.29416708765126,
    395.6455195561153,
    158.69890088383727,
    168.5758342343234,
    384.5204741428749,
    89.56994864200935,
    88.09674007835191,
    136.98503942680236,
    216.90414095247388,
    56.359305863082795,
    218.2482858614244,
    86.42009015824956,
    174.38952618790387,
    144.02591191647164,
    83.1650224547486,
    132.93259612198096,
    154.00280937131095,
    119.89414728011448,
    98.80884901130811,
    52.60885103291888,
    82.32082865863144
  ],
  "grad_norm_T": [
    161,
    2162,
    4162,
    6169,
    8172,
    10178,
    12181,
    14181,
    16183,
    18191,
    20195,
    22198,
    24203,
    26204,
    28215,
    30217,
    32227,
    34230,
    36239,
    38250,
    40256,
    42261,
    44264,
    46271,
    48275,
    50276,
    52279,
    54280,
    56286,
    58291,
    60299,
    62307,
    64309,
    66314,
    68318,
    70326,
    72327,
    74329
  ],
  "loss_td": [
    803.5365600585938,
    320.7697448730469,
    237.11172485351562,
    339.0616455078125,
    303.79949951171875,
    358.7978515625,
    327.4053955078125,
    299.41241455078125,
    333.8367614746094,
    408.95550537109375,
    418.9378356933594,
    357.8380126953125,
    307.4802551269531,
    367.1314392089844,
    389.0185852050781,
    394.654541015625,
    566.2918701171875,
    378.15802001953125,
    374.8265686035156,
    413.3961486816406,
    442.6666259765625,
    363.4502868652344,
    474.0151672363281,
    479.5543212890625,
    478.6295471191406,
    404.7341003417969,
    403.8253479003906,
    469.65045166015625,
    490.4867248535156,
    502.6874084472656,
    481.873046875,
    397.4678649902344,
    437.0356140136719,
    389.2900390625,
    398.2122802734375,
    356.01959228515625,
    463.7894287109375,
    390.5708312988281
  ],
  "loss_td_T": [
    161,
    2162,
    4162,
    6169,
    8172,
    10178,
    12181,
    14181,
    16183,
    18191,
    20195,
    22198,
    24203,
    26204,
    28215,
    30217,
    32227,
    34230,
    36239,
    38250,
    40256,
    42261,
    44264,
    46271,
    48275,
    50276,
    52279,
    54280,
    56286,
    58291,
    60299,
    62307,
    64309,
    66314,
    68318,
    70326,
    72327,
    74329
  ],
  "q_taken_mean": [
    1.110082685577203,
    -27.59351837940705,
    -27.072669719827587,
    -26.221166683148734,
    -25.47761095667178,
    -25.886354705991124,
    -23.44870334201389,
    -23.733915273209064,
    -25.916207449776785,
    -31.968553459119498,
    -36.99419454562884,
    -27.744991372699385,
    -29.003912062872026,
    -28.99119274068323,
    -29.72858676531457,
    -27.10061019992236,
    -29.8001748876634,
    -25.182540090460527,
    -27.859860248447205,
    -24.281701094267383,
    -34.79411253210616,
    -31.2980266067217,
    -29.544207005718953,
    -37.21305447776846,
    -32.718290070564514,
    -28.529947916666668,
    -25.310863597972972,
    -28.432467215401786,
    -25.29779730902778,
    -27.384242466517858,
    -22.498048513527685,
    -22.063483116610737,
    -32.42706886574074,
    -25.95485250538793,
    -21.88498263888889,
    -32.2456485523897,
    -34.0267139379529,
    -38.73590307441547
  ],
  "q_taken_mean_T": [
    161,
    2162,
    4162,
    6169,
    8172,
    10178,
    12181,
    14181,
    16183,
    18191,
    20195,
    22198,
    24203,
    26204,
    28215,
    30217,
    32227,
    34230,
    36239,
    38250,
    40256,
    42261,
    44264,
    46271,
    48275,
    50276,
    52279,
    54280,
    56286,
    58291,
    60299,
    62307,
    64309,
    66314,
    68318,
    70326,
    72327,
    74329
  ],