{
  "actor_loss": [
    0.5776693224906921,
    0.403832346200943,
    0.614108145236969,
    0.9049517512321472,
    1.0341717004776,
    0.7322695851325989,
    0.9686456918716431,
    1.2147687673568726,
    0.9373100996017456,
    0.5842715501785278
  ],
  "actor_loss_T": [
    87,
    2087,
    4100,
    6100,
    8104,
    10110,
    12117,
    14125,
    16129,
    18134
  ],
  "advantage_mean": [
    -0.7021020472734824,
    -0.4899818157327586,
    -0.7437045687720889,
    -0.9612830666934743,
    -1.1282322259596835,
    -0.8322606969762731,
    -1.0070079130284926,
    -1.3858150135387073,
    -1.0804660145829363,
    -0.6860689249905673
  ],
  "advantage_mean_T": [
    87,
    2087,
    4100,
    6100,
    8104,
    10110,
    12117,
    14125,
    16129,
    18134
  ],
  "critic_loss": [
    1.2356947660446167,
    0.6918432712554932,
    1.168280839920044,
    0.5542035698890686,
    0.44801679253578186,
    2.4407098293304443,
    0.20512820780277252,
    0.6114517450332642,
    2.781050205230713,
    0.6260705590248108
  ],
  "critic_loss_T": [
    87,
    2087,
    4100,
    6100,
    8104,
    10110,
    12117,
    14125,
    16129,
    18134
  ],
  "entropy_loss": [
    2.757223129272461,
    2.7081687450408936,
    2.671212673187256,
    2.641101360321045,
    2.7288947105407715,
    2.6750593185424805,
    2.7177257537841797,
    2.6494760513305664,
    2.631246328353882,
    2.6365699768066406
  ],
  "entropy_loss_T": [
    87,
    2087,
    4100,
    6100,
    8104,
    10110,
    12117,
    14125,
    16129,
    18134
  ],
  "ep_length_mean": [
    1.125,
    1.3102094240837696,
    1.3547297297297298,
    1.354054054054054,
    1.3227513227513228,
    1.3260582010582012,
    1.3648097826086956,
    1.334441489361702,
    1.3134816753926701,
    1.3297872340425532
  ],
  "ep_length_mean_T": [
    9,
    2011,
    4016,
    6020,
    8020,
    10025,
    12034,
    14041,
    16048,
    18048
  ],
  "episode": [
    1536,
    3016,
    4496,
    6008,
    7520,
    8992,
    10496,
    12024,
    13528
  ],
  "episode_T": [
    2011,
    4016,
    6020,
    8020,
    10025,
    12034,
    14041,
    16048,
    18048
  ],
  "epsilon": [
    1.0,
    0.9810095,
    0.9619525,
    0.942943,
    0.9239145,
    0.9048765,
    0.885791,
    0.8667435,
    0.8476485,
    0.8286485
  ],
  "epsilon_T": [
    9,
    2011,
    4016,
    6020,
    8020,
    10025,
    12034,
    14041,
    16048,
    18048
  ],
  "grad_norm": [
    1.4500138424857156,
    0.8035863319821351,
    0.5149121501173372,
    0.45606428940705446,
    0.42077773738457686,
    0.5743938281874391,
    0.30933268127541463,
    0.6369835746206411,
    0.6997465264430945,
    0.23532317835273583
  ],
  "grad_norm_T": [
    87,
    2087,
    4100,
    6100,
    8104,
    10110,
    12117,
    14125,
    16129,
    18134
  ],
  "lr": [
    0.0005,
    0.0005,
    0.0005,
    0.0005,
    0.0005,
    0.0005,
    0.0005,
    0.0005,
    0.0005,
    0.0005
  ],
  "lr_T": [
    87,
    2087,
    4100,
    6100,
    8104,
    10110,
    12117,
    14125,
    16129,
    18134
  ],
  "return_mean": [
    -30.75,
    -26.172120418848166,
    -27.063513513513513,
    -27.75743243243243,
    -26.912037037037038,
    -28.646164021164022,
    -26.794157608695652,
    -26.91223404255319,
    -30.145942408376964,
    -27.611037234042552
  ],
  "return_mean_T": [
    9,
    2011,
    4016,
    6020,
    8020,
    10025,
    12034,
    14041,
    16048,
    18048
  ],
  "return_std": [
    46.69515499492426,
    36.03386761643984,
    35.607223205579785,
    35.2865865167232,
    35.88955815011197,
    35.702323240318215,
    35.433252369422135,
    34.876343248874434,
    36.25558681305527,
    35.07387204914636
  ],
  "return_std_T": [
    9,
    2011,
    4016,
    6020,
    8020,
    10025,
    12034,
    14041,
    16048,
    18048
  ],
  "target_mean": [
    -0.7034801614695582,
    -0.5965974741968615,
    -0.771347409202939,
    -0.3968274284811581,
    -0.5666737968539014,
    -1.2661047099549094,
    -0.18252096737132353,
    -0.6918536533008922,
    -0.981788077005526,
    -0.5360902439464222
  ],
  "target_mean_T": [
    87,
    2087,
    4100,
    6100,
    8104,
    10110,
    12117,
    14125,
    16129,
    18134
  ],
  "test_ep_length_mean": [
    1.0,
    1.0,
    1.0,
    1.0,
    1.0,
    1.0,
    1.0,
    1.0,
    1.0,
    1.0
  ],
  "test_ep_length_mean_T": [
    9,
    2011,
    4016,
    6020,
    8020,
    10025,
    12034,
    14041,
    16048,
    18048
  ],
  "test_return_mean": [
    -22.875,
    -19.125,
    -19.125,
    -21.0,
    -22.875,
    -18.5,
    -27.25,
    -24.125,
    -18.5,
    -22.25
  ],
  "test_return_mean_T": [
    9,
    2011,
    4016,
    6020,
    8020,
    10025,
    12034,
    14041,
    16048,
    18048
  ],
  "test_return_std": [
    29.94134891750871,
    29.94134891750871,
    29.94134891750871,
    30.0,
    29.94134891750871,
    29.895651857753496,
    29.341736485763757,
    29.836795655700026,
    29.895651857753496,
    29.973947020704497
  ],
  "test_return_std_T": [
    9,
    2011,
    4016,
    6020,
    8020,
    10025,
    12034,
    14041,
    16048,
    18048
  ]
}