{
  "ep_length_mean": [
    1.5,
    1.3533783783783784
  ],
  "ep_length_mean_T": [
    12,
    2015
  ],
  "episode": [
    1480
  ],
  "episode_T": [
    2002
  ],
  "epsilon": [
    1.0,
    0.9961962
  ],
  "epsilon_T": [
    12,
    2015
  ],
  "grad_norm": [
    812.5553332665494,
    492.49799480884866
  ],
  "grad_norm_T": [
    165,
    2167
  ],
  "loss_td": [
    757.8282470703125,
    280.94097900390625
  ],
  "loss_td_T": [
    165,
    2167
  ],
  "q_taken_mean": [
    -0.6100585012724905,
    -22.52258806397929
  ],
  "q_taken_mean_T": [
    165,
    2167
  ],
  "return_mean": [
    -10.375,
    -27.375
  ],
  "return_mean_T": [
    12,
    2015
  ],
  "return_std": [
    41.25511331944199,
    35.48057019674975
  ],
  "return_std_T": [
    12,
    2015
  ],
  "target_mean": [
    -22.56502130681818,
    -23.724576148761095
  ],
  "target_mean_T": [
    165,
    2167
  ],
  "td_error_abs": [
    757.8282196969697,
    280.94096708579883
  ],
  "td_error_abs_T": [
    165,
    2167
  ],
  "test_ep_length_mean": [
    1.0,
    1.0
  ],
  "test_ep_length_mean_T": [
    12,
    2015
  ],
  "test_return_mean": [
    -23.5,
    -31.25
  ],
  "test_return_mean_T": [
    12,
    2015
  ],
  "test_return_std": [
    29.895651857753496,
    59.358550352918826
  ],
  "test_return_std_T": [
    12,
    2015
  ]
}