{
  "actor_loss": [
    0.5607531666755676,
    0.9713307619094849
  ],
  "actor_loss_T": [
    92,
    2093
  ],
  "advantage_mean": [
    -0.6764457536780316,
    -1.072599204189806
  ],
  "advantage_mean_T": [
    92,
    2093
  ],
  "critic_loss": [
    1.1408919095993042,
    1.4636343717575073
  ],
  "critic_loss_T": [
    92,
    2093
  ],
  "entropy_loss": [
    2.758500576019287,
    2.7089715003967285
  ],
  "entropy_loss_T": [
    92,
    2093
  ],
  "ep_length_mean": [
    1.125,
    1.3743131868131868
  ],
  "ep_length_mean_T": [
    9,
    2010
  ],
  "episode": [
    1464
  ],
  "episode_T": [
    2010
  ],
  "epsilon": [
    1.0,
    0.98002
  ],
  "epsilon_T": [
    9,
    2010
  ],
  "grad_norm": [
    1.3633451583683427,
    0.6216020844975673
  ],
  "grad_norm_T": [
    92,
    2093
  ],
  "lr": [
    0.0005,
    0.0005
  ],
  "lr_T": [
    92,
    2093
  ],
  "return_mean": [
    -53.25,
    -28.97184065934066
  ],
  "return_mean_T": [
    9,
    2010
  ],
  "return_std": [
    42.555111326373,
    34.915772332872486
  ],
  "return_std_T": [
    9,
    2010
  ],
  "target_mean": [
    -0.6777735585751741,
    -0.9835092935217432
  ],
  "target_mean_T": [
    92,
    2093
  ],
  "test_ep_length_mean": [
    3.625,
    1.0
  ],
  "test_ep_length_mean_T": [
    9,
    2010
  ],
  "test_return_mean": [
    -29.8125,
    -19.75
  ],
  "test_return_mean_T": [
    9,
    2010
  ],
  "test_return_std": [
    14.733969042657854,
    29.973947020704497
  ],
  "test_return_std_T": [
    9,
    2010
  ]
}