{
  "ep_length_mean": [
    100.0,
    100.0,
    100.0,
    98.08333333333333,
    100.0,
    100.0,
    100.0,
    100.0,
    100.0,
    100.0,
    100.0,
    100.0,
    98.41666666666667,
    100.0,
    100.0,
    100.0,
    100.0,
    100.0,
    96.16666666666667,
    100.0,
    100.0,
    100.0
  ],
  "ep_length_mean_T": [
    800,
    3200,
    5600,
    7954,
    10354,
    12754,
    15154,
    17554,
    19954,
    22354,
    24754,
    27154,
    29516,
    31916,
    34316,
    36716,
    39116,
    41516,
    43824,
    46224,
    48624,
    51024
  ],
  "episode": [
    24,
    48,
    72,
    96,
    120,
    144,
    168,
    192,
    216,
    240,
    264,
    288,
    312,
    336,
    360,
    384,
    408,
    432,
    456,
    480,
    504
  ],
  "episode_T": [
    2400,
    4800,
    7154,
    9554,
    11954,
    14354,
    16754,
    19154,
    21554,
    23954,
    26354,
    28716,
    31116,
    33516,
    35916,
    38316,
    40716,
    43024,
    45424,
    47824,
    50224
  ],
  "epsilon": [
    1.0,
    0.9772,
    0.9544,
    0.932037,
    0.9092370000000001,
    0.886437,
    0.863637,
    0.8408370000000001,
    0.818037,
    0.795237,
    0.772437,
    0.7496370000000001,
    0.727198,
    0.7043980000000001,
    0.681598,
    0.658798,
    0.6359980000000001,
    0.613198,
    0.591272,
    0.5684720000000001,
    0.545672,
    0.522872
  ],
  "epsilon_T": [
    800,
    3200,
    5600,
    7954,
    10354,
    12754,
    15154,
    17554,
    19954,
    22354,
    24754,
    27154,
    29516,
    31916,
    34316,
    36716,
    39116,
    41516,
    43824,
    46224,
    48624,
    51024
  ],
  "grad_norm": [
    164.7989166459938,
    165.24111642911677,
    163.87360326780967,
    169.1595811597055,
    173.61370561448663,
    176.6049570157461,
    180.8854661071885,
    201.49679082705754,
    233.28106643492598,
    269.2341895533302,
    317.6417989308103,
    348.76470508986074,
    419.30461310184745,
    461.4750949165653,
    508.77785958672126,
    564.6545898122984,
    580.131810833103
  ],
  "grad_norm_T": [
    12754,
    15154,
    17554,
    19954,
    22354,
    24754,
    27154,
    29516,
    31916,
    34316,
    36716,
    39116,
    41516,
    43824,
    46224,
    48624,
    51024
  ],
  "hit_prob": [
    0.06045162305235863,
    0.02812499925494194,
    0.029010506346821785,
    0.026640625670552254,
    0.02814803272485733,
    0.05676650628447533,
    0.0626470148563385,
    0.076045922935009,
    0.07703124731779099,
    0.10320312529802322,
    0.027991218492388725,
    0.05406676232814789,
    0.056104060262441635,
    0.0855366662144661,
    0.05679687485098839,
    0.12109375,
    0.14062008261680603
  ],
  "hit_prob_T": [
    12754,
    15154,
    17554,
    19954,
    22354,
    24754,
    27154,
    29516,
    31916,
    34316,
    36716,
    39116,
    41516,
    43824,
    46224,
    48624,
    51024
  ],
  "loss": [
    4226.11279296875,
    3969.4130859375,
    4396.6748046875,
    3871.33447265625,
    4176.2314453125,
    3758.65087890625,
    3784.97265625,
    3961.96923828125,
    3593.152587890625,
    3880.083740234375,
    3611.184326171875,
    3818.1962890625,
    3349.569091796875,
    3269.11328125,
    3112.574951171875,
    2927.976806640625,
    3528.12109375
  ],
  "loss_T": [
    12754,
    15154,
    17554,
    19954,
    22354,
    24754,
    27154,
    29516,
    31916,
    34316,
    36716,
    39116,
    41516,
    43824,
    46224,
    48624,
    51024
  ],
  "q_taken_mean": [
    -0.048711558092681705,
    -0.12572240829467773,
    -0.19786230897537047,
    -0.2772622299194336,
    -0.36963005478673355,
    -0.46590683560059587,
    -0.5922825529000706,
    -0.7744296524801432,
    -1.0751497650146484,
    -1.47861328125,
    -2.0233012069742826,
    -2.6640833137439275,
    -3.6310892444366085,
    -4.86956266475842,
    -6.2593701171875,
    -8.123535766601563,
    -9.865930909663204
  ],
  "q_taken_mean_T": [
    12754,
    15154,
    17554,
    19954,
    22354,
    24754,
    27154,
    29516,
    31916,
    34316,
    36716,
    39116,
    41516,
    43824,
    46224,
    48624,
    51024
  ],
  "return_mean": [
    -2814.625,
    -2880.0833333333335,
    -2874.75,
    -2860.4166666666665,
    -2961.625,
    -3057.125,
    -2627.3333333333335,
    -2654.875,
    -2747.875,
    -2607.5416666666665,
    -2469.5,
    -2424.3333333333335,
    -2404.9583333333335,
    -2328.2083333333335,
    -2337.125,
    -2178.7083333333335,
    -2194.5,
    -2261.7916666666665,
    -1919.3333333333333,
    -2029.5,
    -2103.1666666666665,
    -2029.0416666666667
  ],
  "return_mean_T": [
    800,
    3200,
    5600,
    7954,
    10354,
    12754,
    15154,
    17554,
    19954,
    22354,
    24754,
    27154,
    29516,
    31916,
    34316,
    36716,
    39116,
    41516,
    43824,
    46224,
    48624,
    51024
  ],
  "return_std": [
    427.4768816848462,
    290.38034206115873,
    353.63602404166915,
    776.6632644775269,
    268.65262770909203,
    307.5004488479109,
    325.01546971729755,
    370.61922423830094,
    302.73617674195026,
    290.33342601892895,
    242.731332958891,
    271.8563754795699,
    741.3764495386642,
    406.3141210080638,
    314.32696783498125,
    342.195543411301,
    514.8999902893764,
    267.1170123071327,
    1019.7245815524024,
    306.619878677166,
    298.077404190403,
    258.1821836040503
  ],
  "return_std_T": [
    800,
    3200,
    5600,
    7954,
    10354,
    12754,
    15154,
    17554,
    19954,
    22354,
    24754,
    27154,
    29516,
    31916,
    34316,
    36716,
    39116,
    41516,
    43824,
    46224,
    48624,
    51024
  ],
  "target_mean": [
    -71.39187215775443,
    -70.80404296875,
    -68.96389368041399,
    -70.0526513671875,
    -69.07133546338403,
    -68.86616943703936,
    -67.33021993100203,
    -67.28148592324631,
    -67.2980810546875,
    -65.64673828125,
    -64.6305864826721,
    -63.53778796426892,
    -66.42083431280363,
    -63.90366796506138,
    -63.420341796875,
    -62.867138671875,
    -60.61702274158011
  ],
  "target_mean_T": [
    12754,
    15154,
    17554,
    19954,
    22354,
    24754,
    27154,
    29516,
    31916,
    34316,
    36716,
    39116,
    41516,
    43824,
    46224,
    48624,
    51024
  ],
  "td_error_abs": [
    81.48032970048612,
    80.2833447265625,
    80.18025227379646,
    78.2899609375,
    79.01783264074017,
    76.93318272698761,
    75.99637368668652,
    75.99574355143126,
    74.6533251953125,
    74.2485498046875,
    72.98892504312373,
    71.50984367653973,
    70.80461036671367,
    68.50680673591438,
    66.6069091796875,
    64.1958544921875,
    62.515251219704126
  ],
  "td_error_abs_T": [
    12754,
    15154,
    17554,
    19954,
    22354,
    24754,
    27154,
    29516,
    31916,
    34316,
    36716,
    39116,
    41516,
    43824,
    46224,
    48624,
    51024
  ],
  "test_ep_length_mean": [
    100.0,
    100.0,
    100.0,
    100.0,
    100.0,
    100.0,
    100.0,
    100.0,
    100.0,
    100.0,
    100.0,
    100.0,
    100.0,
    100.0,
    100.0,
    100.0,
    100.0,
    100.0,
    100.0,
    100.0,
    100.0
  ],
  "test_ep_length_mean_T": [
    800,
    3200,
    5600,
    7954,
    10354,
    12754,
    15154,
    17554,
    19954,
    22354,
    24754,
    27154,
    29516,
    31916,
    34316,
    36716,
    39116,
    41516,
    43824,
    46224,
    48624
  ],
  "test_return_mean": [
    -1767.125,
    -3517.0416666666665,
    -2029.4583333333333,
    -2251.0833333333335,
    -2916.1666666666665,
    -635.5416666666666,
    -1674.625,
    -2449.6666666666665,
    -1716.2083333333333,
    -1188.0416666666667,
    -1153.7916666666667,
    -1170.75,
    -1162.375,
    -1131.9583333333333,
    -1138.0833333333333,
    -1116.5,
    -1124.8333333333333,
    -1120.6666666666667,
    -1119.8333333333333,
    -1119.0,
    -1119.7916666666667
  ],