{
  "ep_length_mean": [
    30.0,
    30.0,
    30.0,
    30.0,
    30.0,
    30.0,
    30.0,
    30.0,
    30.0,
    30.0,
    30.0,
    30.0,
    30.0,
    30.0,
    26.85,
    26.375,
    26.375,
    26.375,
    26.375
  ],
  "ep_length_mean_T": [
    240,
    2400,
    4560,
    6720,
    8880,
    11040,
    13200,
    15360,
    17520,
    19680,
    21840,
    24000,
    26160,
    28320,
    30468,
    32578,
    34688,
    36798,
    38908
  ],
  "episode": [
    72,
    144,
    216,
    288,
    360,
    432,
    504,
    576,
    648,
    720,
    792,
    864,
    936,
    1016,
    1096,
    1176,
    1256,
    1336
  ],
  "episode_T": [
    2160,
    4320,
    6480,
    8640,
    10800,
    12960,
    15120,
    17280,
    19440,
    21600,
    23760,
    25920,
    28080,
    30257,
    32367,
    34477,
    36587,
    38697
  ],
  "epsilon": [
    1.0,
    0.97948,
    0.95896,
    0.93844,
    0.9179200000000001,
    0.8974,
    0.87688,
    0.85636,
    0.83584,
    0.81532,
    0.7948000000000001,
    0.7742800000000001,
    0.75376,
    0.7332400000000001,
    0.7125585000000001,
    0.6925135,
    0.6724685,
    0.6524235,
    0.6323785000000001
  ],
  "epsilon_T": [
    240,
    2400,
    4560,
    6720,
    8880,
    11040,
    13200,
    15360,
    17520,
    19680,
    21840,
    24000,
    26160,
    28320,
    30468,
    32578,
    34688,
    36798,
    38908
  ],
  "grad_norm": [
    7.972508408729166,
    20.73052487282995,
    57.53567209944375,
    47.29461447780271,
    46.046530711772135,
    46.8791705961649,
    48.37062580500006,
    48.89831314668242,
    48.18880882126218,
    51.0795413246135,
    47.858789225680205,
    50.20919597798672,
    49.09279283670687,
    49.92271823340966,
    49.72348217142164,
    57.376922526755436,
    55.649019988654544
  ],
  "grad_norm_T": [
    3840,
    6000,
    8160,
    10320,
    12480,
    14640,
    16800,
    18960,
    21120,
    23280,
    25440,
    27600,
    29624,
    31734,
    33844,
    35954,
    38064
  ],
  "loss_td": [
    3464.542724609375,
    3200.679931640625,
    2928.28857421875,
    3182.496337890625,
    3291.16357421875,
    2987.53662109375,
    2764.603271484375,
    2974.129638671875,
    2680.920654296875,
    2804.7900390625,
    2816.466552734375,
    3040.8583984375,
    2694.048583984375,
    2947.6318359375,
    3024.94189453125,
    2940.259765625,
    3653.7451171875
  ],
  "loss_td_T": [
    3840,
    6000,
    8160,
    10320,
    12480,
    14640,
    16800,
    18960,
    21120,
    23280,
    25440,
    27600,
    29624,
    31734,
    33844,
    35954,
    38064
  ],
  "q_taken_mean": [
    -0.002963713804880778,
    -0.11889642079671224,
    -0.5389146169026693,
    -1.3259572347005208,
    -2.105823008219401,
    -2.868781026204427,
    -3.6266159057617187,
    -4.308406066894531,
    -4.9663543701171875,
    -5.635996500651042,
    -6.280672200520834,
    -6.917813618977864,
    -7.519902044222634,
    -8.240581930030407,
    -8.919162728053939,
    -9.579231858930989,
    -10.20188233645476
  ],
  "q_taken_mean_T": [
    3840,
    6000,
    8160,
    10320,
    12480,
    14640,
    16800,
    18960,
    21120,
    23280,
    25440,
    27600,
    29624,
    31734,
    33844,
    35954,
    38064
  ],
  "return_mean": [
    -753.25,
    -897.125,
    -927.5972222222222,
    -947.8055555555555,
    -989.1527777777778,
    -966.1527777777778,
    -957.5138888888889,
    -952.1944444444445,
    -902.5,
    -861.1944444444445,
    -917.7083333333334,
    -1016.2638888888889,
    -1015.8333333333334,
    -886.875,
    -856.5875,
    -893.3,
    -843.5875,
    -819.1625,
    -863.2
  ],
  "return_mean_T": [
    240,
    2400,
    4560,
    6720,
    8880,
    11040,
    13200,
    15360,
    17520,
    19680,
    21840,
    24000,
    26160,
    28320,
    30468,
    32578,
    34688,
    36798,
    38908
  ],
  "return_std": [
    224.79254324821363,
    223.80627396006773,
    91.3478789698149,
    81.53299245106052,
    82.45043287438119,
    83.46101214243393,
    75.4446068051763,
    83.5918720944023,
    89.35618488822011,
    83.58240094011167,
    105.49360663882274,
    73.48771497021261,
    124.25030739957502,
    82.66531206887473,
    439.73999970863457,
    334.7426026068388,
    318.74247809752313,
    314.7827601596853,
    358.0088476560321
  ],
  "return_std_T": [
    240,
    2400,
    4560,
    6720,
    8880,
    11040,
    13200,
    15360,
    17520,
    19680,
    21840,
    24000,
    26160,
    28320,
    30468,
    32578,
    34688,
    36798,
    38908
  ],
  "target_mean": [
    -69.9181640625,
    -70.92596842447917,
    -73.09485677083333,
    -72.5599609375,
    -74.6023681640625,
    -74.80213216145833,
    -74.339404296875,
    -75.66458333333334,
    -73.7329833984375,
    -76.80685221354166,
    -78.34103190104166,
    -77.83233235677083,
    -77.5858011634056,
    -79.8676460867266,
    -80.24975211528292,
    -82.88800744248985,
    -78.23794843049328
  ],
  "target_mean_T": [
    3840,
    6000,
    8160,
    10320,
    12480,
    14640,
    16800,
    18960,
    21120,
    23280,
    25440,
    27600,
    29624,
    31734,
    33844,
    35954,
    38064
  ],
  "td_error_abs": [
    3464.5427083333334,
    3200.6799479166666,
    2928.288541666667,
    3182.4963541666666,
    3291.163541666667,
    2987.53671875,
    2764.6033854166667,
    2974.1296875,
    2680.9205729166665,
    2804.790104166667,
    2816.4666666666667,
    3040.858333333333,
    2694.048651507139,
    2947.6319407720785,
    3024.941829719725,
    2940.2598105548036,
    3653.7451859667635
  ],
  "td_error_abs_T": [
    3840,
    6000,
    8160,
    10320,
    12480,
    14640,
    16800,
    18960,
    21120,
    23280,
    25440,
    27600,
    29624,
    31734,
    33844,
    35954,
    38064
  ],
  "test_ep_length_mean": [
    30.0,
    30.0,
    30.0,
    30.0,
    30.0,
    30.0,
    30.0,
    30.0,
    30.0,
    30.0,
    30.0,
    30.0,
    30.0,
    30.0,
    26.375,
    26.375,
    26.375,
    26.375,
    26.375
  ],
  "test_ep_length_mean_T": [
    240,
    2400,
    4560,
    6720,
    8880,
    11040,
    13200,
    15360,
    17520,
    19680,
    21840,
    24000,
    26160,
    28320,
    30468,
    32578,
    34688,
    36798,
    38908
  ],
  "test_return_mean": [
    -330.0,
    -330.0,
    -330.0,
    -674.0,
    -881.0,
    -900.0,
    -900.0,
    -881.0,
    -330.0,
    -330.0,
    -1200.0,
    -1200.0,
    -630.0,
    -330.0,
    -1308.75,
    -1055.0,
    -791.25,
    -290.125,
    -791.25
  ],
  "test_return_mean_T": [
    240,
    2400,
    4560,
    6720,
    8880,
    11040,
    13200,
    15360,
    17520,
    19680,
    21840,
    24000,
    26160,
    28320,
    30468,
    32578,
    34688,
    36798,
    38908
  ],
  "test_return_std": [
    0.0,
    0.0,
    0.0,
    0.0,
    0.0,
    0.0,
    0.0,
    0.0,
    0.0,
    0.0,
    0.0,
    0.0,
    0.0,
    0.0,
    479.54242513045705,
    383.63394010436565,
    287.72545507827425,
    105.49933352870055,
    287.72545507827425
  ],
  "test_return_std_T": [
    240,
    2400,
    4560,
    6720,
    8880,
    11040,
    13200,
    15360,
    17520,
    19680,
    21840,
    24000,
    26160,
    28320,
    30468,
    32578,
    34688,
    36798,
    38908
  ]
}