{
  "agent_norm": [
    2.5160807528422526
  ],
  "agent_norm_T": [
    169
  ],
  "central_loss": [
    815.08203125
  ],
  "central_loss_T": [
    169
  ],
  "ep_length_mean": [
    1.25
  ],
  "ep_length_mean_T": [
    10
  ],
  "epsilon": [
    1.0
  ],
  "epsilon_T": [
    10
  ],
  "grad_norm": [
    165.78277296244087
  ],
  "grad_norm_T": [
    169
  ],
  "loss": [
    1008.9712524414062
  ],
  "loss_T": [
    169
  ],
  "mixer_norm": [
    7.090106405961265
  ],
  "mixer_norm_T": [
    169
  ],
  "q_taken_mean": [
    1.8008794840976332
  ],
  "q_taken_mean_T": [
    169
  ],
  "qmix_loss": [
    193.88922119140625
  ],
  "qmix_loss_T": [
    169
  ],
  "return_mean": [
    -35.125
  ],
  "return_mean_T": [
    10
  ],
  "return_std": [
    37.73074840233095
  ],
  "return_std_T": [
    10
  ],
  "target_mean": [
    -25.75234317215237
  ],
  "target_mean_T": [
    169
  ],
  "td_error_abs": [
    32.88170592178255
  ],
  "td_error_abs_T": [
    169
  ],
  "test_ep_length_mean": [
    2.125
  ],
  "test_ep_length_mean_T": [
    10
  ],
  "test_return_mean": [
    -18.25
  ],
  "test_return_mean_T": [
    10
  ],
  "test_return_std": [
    29.37579786150497
  ],
  "test_return_std_T": [
    10
  ],
  "w_to_use": [
    0.21249999105930328
  ],
  "w_to_use_T": [
    169
  ]
}