{
  "agent_norm": [
    3.496145274611488,
    3.122921525892971,
    4.036684400055755,
    6.2259840217220415,
    11.889438492476005,
    13.37649407582116,
    17.51151692622477,
    21.696172046273862,
    19.041756999635133,
    28.871425962528512,
    38.8508692603657,
    31.94072182782442,
    143.32594455204193,
    150.90784513925144,
    143.1333415155058,
    143.45304701926568,
    108.51556228941168,
    122.53272745037927,
    110.97612393874542,
    93.01399836931168,
    83.65008542546262,
    123.18593767134766,
    104.91868829190727,
    69.18108029467358,
    55.571346194985736,
    54.42219015282692,
    54.53700053356367,
    44.71699293841874,
    45.525622369386404,
    71.136765485916
  ],
  "agent_norm_T": [
    12791,
    15191,
    17591,
    19991,
    22391,
    24740,
    27140,
    29540,
    31940,
    34340,
    36740,
    39140,
    41540,
    43940,
    46340,
    48740,
    51140,
    53540,
    55940,
    58340,
    60740,
    63140,
    65540,
    67940,
    70340,
    72740,
    75140,
    77540,
    79940,
    82340
  ],
  "central_loss": [
    4250.25732421875,
    4357.17138671875,
    4440.45654296875,
    4364.3955078125,
    4313.3984375,
    2487.888916015625,
    3485.471923828125,
    5814.20068359375,
    3968.5458984375,
    2083.66064453125,
    2043.5965576171875,
    1863.4339599609375,
    7809.40185546875,
    3495.264892578125,
    3807.424072265625,
    7360.6044921875,
    5253.0048828125,
    1872.005126953125,
    2951.581298828125,
    2455.89208984375,
    2638.011962890625,
    5622.85888671875,
    3155.060791015625,
    9262.1787109375,
    8120.84326171875,
    2395.250732421875,
    3613.716796875,
    3312.510986328125,
    2455.9990234375,
    7579.63623046875
  ],
  "central_loss_T": [
    12791,
    15191,
    17591,
    19991,
    22391,
    24740,
    27140,
    29540,
    31940,
    34340,
    36740,
    39140,
    41540,
    43940,
    46340,
    48740,
    51140,
    53540,
    55940,
    58340,
    60740,
    63140,
    65540,
    67940,
    70340,
    72740,
    75140,
    77540,
    79940,
    82340
  ],
  "ep_length_mean": [
    100.0,
    100.0,
    100.0,
    99.625,
    100.0,
    100.0,
    100.0,
    100.0,
    100.0,
    100.0,
    97.875,
    100.0,
    100.0,
    100.0,
    100.0,
    100.0,
    100.0,
    100.0,
    100.0,
    100.0,
    100.0,
    100.0,
    100.0,
    100.0,
    100.0,
    100.0,
    100.0,
    100.0,
    100.0,
    100.0,
    100.0,
    100.0,
    100.0,
    100.0,
    100.0
  ],
  "ep_length_mean_T": [
    800,
    3200,
    5600,
    7991,
    10391,
    12791,
    15191,
    17591,
    19991,
    22391,
    24740,
    27140,
    29540,
    31940,
    34340,
    36740,
    39140,
    41540,
    43940,
    46340,
    48740,
    51140,
    53540,
    55940,
    58340,
    60740,
    63140,
    65540,
    67940,
    70340,
    72740,
    75140,
    77540,
    79940,
    82340
  ],
  "episode": [
    24,
    48,
    72,
    96,
    120,
    144,
    168,
    192,
    216,
    240,
    264,
    288,
    312,
    336,
    360,
    384,
    408,
    432,
    456,
    480,
    504,
    528,
    552,
    576,
    600,
    624,
    648,
    672,
    696,
    720,
    744,
    768,
    792,
    816
  ],
  "episode_T": [
    2400,
    4800,
    7191,
    9591,
    11991,
    14391,
    16791,
    19191,
    21591,
    23940,
    26340,
    28740,
    31140,
    33540,
    35940,
    38340,
    40740,
    43140,
    45540,
    47940,
    50340,
    52740,
    55140,
    57540,
    59940,
    62340,
    64740,
    67140,
    69540,
    71940,
    74340,
    76740,
    79140,
    81540
  ],
  "epsilon": [
    1.0,
    0.9772,
    0.9544,
    0.9316855,
    0.9088855,
    0.8860855,
    0.8632855,
    0.8404855,
    0.8176855000000001,
    0.7948855,
    0.77257,
    0.74977,
    0.7269700000000001,
    0.70417,
    0.68137,
    0.6585700000000001,
    0.6357700000000001,
    0.61297,
    0.5901700000000001,
    0.56737,
    0.54457,
    0.5217700000000001,
    0.49897,
    0.4761700000000001,
    0.45337000000000005,
    0.4305700000000001,
    0.4077700000000001,
    0.38497000000000003,
    0.3621700000000001,
    0.33937000000000006,
    0.31657000000000013,
    0.2937700000000001,
    0.27097000000000004,
    0.2481700000000001,
    0.22537000000000007
  ],
  "epsilon_T": [
    800,
    3200,
    5600,
    7991,
    10391,
    12791,
    15191,
    17591,
    19991,
    22391,
    24740,
    27140,
    29540,
    31940,
    34340,
    36740,
    39140,
    41540,
    43940,
    46340,
    48740,
    51140,
    53540,
    55940,
    58340,
    60740,
    63140,
    65540,
    67940,
    70340,
    72740,
    75140,
    77540,
    79940,
    82340
  ],
  "grad_norm": [
    312.050363506419,
    315.3561614990985,
    366.8944201769631,
    787.1415726265371,
    2889.058517796736,
    4242.785559302865,
    19757.89747471875,
    36528.74167555124,
    21412.685652089807,
    1943.785445050611,
    4002.1962362878835,
    3680.4739350171067,
    22674.111792556974,
    14972.19783811193,
    31798.33251880752,
    65311.9278542516,
    42688.19608735808,
    623.9856292274703,
    14823.518624549813,
    11528.587578129931,
    9167.863897088188,
    48280.06636890024,
    24476.689733701667,
    107466.13912843425,
    92046.29840683003,
    11954.136437587355,
    30620.896849755907,
    25995.965748758837,
    14347.762783532286,
    74011.45930373122
  ],
  "grad_norm_T": [
    12791,
    15191,
    17591,
    19991,
    22391,
    24740,
    27140,
    29540,
    31940,
    34340,
    36740,
    39140,
    41540,
    43940,
    46340,
    48740,
    51140,
    53540,
    55940,
    58340,
    60740,
    63140,
    65540,
    67940,
    70340,
    72740,
    75140,
    77540,
    79940,
    82340
  ],
  "loss": [
    6971.4384765625,
    7191.4736328125,
    7333.322265625,
    7308.7138671875,
    7196.50927734375,
    5819.80908203125,
    6489.8662109375,
    9092.103515625,
    7473.220703125,
    5479.6748046875,
    4960.17822265625,
    4493.416015625,
    13835.5078125,
    9051.2666015625,
    8757.5078125,
    12687.0244140625,
    10806.2763671875,
    6590.447265625,
    8198.583984375,
    7477.6201171875,
    8368.7021484375,
    17344.57421875,
    14971.6357421875,
    20328.14453125,
    18031.630859375,
    11539.9111328125,
    12690.8837890625,
    12462.142578125,
    11748.109375,
    28175.294921875
  ],
  "loss_T": [
    12791,
    15191,
    17591,
    19991,
    22391,
    24740,
    27140,
    29540,
    31940,
    34340,
    36740,
    39140,
    41540,
    43940,
    46340,
    48740,
    51140,
    53540,
    55940,
    58340,
    60740,
    63140,
    65540,
    67940,
    70340,
    72740,
    75140,
    77540,
    79940,
    82340
  ],
  "mixer_norm": [
    20.58151064489992,
    16.118456803326808,
    17.112738169464894,
    21.013556512705772,
    32.27546299023377,
    33.83427963051737,
    38.622789560150345,
    47.26052633968553,
    37.61270223360818,
    44.625146607787805,
    56.44776873888663,
    63.96816866635575,
    252.89461582925614,
    311.3303732037229,
    350.388989559008,
    385.9730245534286,
    383.1276634509167,
    448.5014579606481,
    493.4405028950324,
    520.4580609902355,
    558.0841295206836,
    1244.8685635041488,
    1210.730204492055,
    1239.0405361608202,
    1159.6948101275107,
    1219.0695439106894,
    1223.1570236344592,
    1216.7091344593443,
    1275.4532961882053,
    2148.1075557769504
  ],
  "mixer_norm_T": [
    12791,
    15191,
    17591,
    19991,
    22391,
    24740,
    27140,
    29540,
    31940,
    34340,
    36740,
    39140,
    41540,
    43940,
    46340,
    48740,
    51140,
    53540,
    55940,
    58340,
    60740,
    63140,
    65540,
    67940,
    70340,
    72740,
    75140,
    77540,
    79940,
    82340
  ],