{
  "actor_loss": [
    0.704921305179596,
    0.7096239924430847,
    0.8003807067871094
  ],
  "actor_loss_T": [
    86,
    2095,
    4105
  ],
  "advantage_mean": [
    -0.8278022588685502,
    -0.8182026789738581,
    -0.908046536329316
  ],
  "advantage_mean_T": [
    86,
    2095,
    4105
  ],
  "critic_loss": [
    1.1640254259109497,
    2.743178129196167,
    1.876097321510315
  ],
  "critic_loss_T": [
    86,
    2095,
    4105
  ],
  "entropy_loss": [
    2.756556749343872,
    2.615309000015259,
    2.7029569149017334
  ],
  "entropy_loss_T": [
    86,
    2095,
    4105
  ],
  "ep_length_mean": [
    1.25,
    1.3046875,
    1.344758064516129
  ],
  "ep_length_mean_T": [
    10,
    2014,
    4015
  ],
  "episode": [
    1536,
    3024
  ],
  "episode_T": [
    2004,
    4007
  ],
  "epsilon": [
    1.0,
    0.9799599999999999,
    0.95993
  ],
  "epsilon_T": [
    10,
    2014,
    4015
  ],
  "grad_norm": [
    1.693753326753423,
    0.983741772544741,
    2.3717182733405697
  ],
  "grad_norm_T": [
    86,
    2095,
    4105
  ],
  "lr": [
    0.0005,
    0.0005,
    0.0005
  ],
  "lr_T": [
    86,
    2095,
    4105
  ],
  "return_mean": [
    -53.5,
    -29.291015625,
    -28.979166666666668
  ],
  "return_mean_T": [
    10,
    2014,
    4015
  ],
  "return_std": [
    32.33032632065442,
    35.99440165541033,
    35.88282111147978
  ],
  "return_std_T": [
    10,
    2014,
    4015
  ],
  "target_mean": [
    -0.8294311346009721,
    -2.0027980594844608,
    -1.2451073251119473
  ],
  "target_mean_T": [
    86,
    2095,
    4105
  ],
  "test_ep_length_mean": [
    1.0,
    1.0,
    1.0
  ],
  "test_ep_length_mean_T": [
    10,
    2014,
    4015
  ],
  "test_return_mean": [
    -19.125,
    -19.75,
    -21.0
  ],
  "test_return_mean_T": [
    10,
    2014,
    4015
  ],
  "test_return_std": [
    29.94134891750871,
    29.973947020704497,
    30.0
  ],
  "test_return_std_T": [
    10,
    2014,
    4015
  ]
}