{
  "ep_length_mean": [
    1.375,
    1.3157894736842106,
    1.3375668449197862,
    1.3368983957219251,
    1.3331117021276595,
    1.3634510869565217,
    1.3240740740740742
  ],
  "ep_length_mean_T": [
    11,
    2011,
    4012,
    6012,
    8017,
    10024,
    12026
  ],
  "episode": [
    1528,
    3024,
    4520,
    6024,
    7496,
    9008
  ],
  "episode_T": [
    2011,
    4012,
    6012,
    8017,
    10024,
    12026
  ],
  "epsilon": [
    1.0,
    0.9962076,
    0.9923981,
    0.9885962,
    0.9847924,
    0.9809696,
    0.9771677
  ],
  "epsilon_T": [
    11,
    2011,
    4012,
    6012,
    8017,
    10024,
    12026
  ],
  "grad_norm": [
    1083.5941413962114,
    282.11808499597385,
    534.9493749640668,
    273.1581428075317,
    171.655065450504,
    135.44141670887447,
    200.55510274139
  ],
  "grad_norm_T": [
    166,
    2170,
    4178,
    6184,
    8193,
    10197,
    12200
  ],
  "loss_td": [
    876.118896484375,
    246.21974182128906,
    276.2505187988281,
    259.3363952636719,
    233.35031127929688,
    302.7666015625,
    233.68771362304688
  ],
  "loss_td_T": [
    166,
    2170,
    4178,
    6184,
    8193,
    10197,
    12200
  ],
  "q_taken_mean": [
    3.690126717808735,
    -23.181382921006943,
    -16.50158260569853,
    -17.445296124714176,
    -22.89786979951054,
    -14.8846435546875,
    -17.765912543402777
  ],
  "q_taken_mean_T": [
    166,
    2170,
    4178,
    6184,
    8193,
    10197,
    12200
  ],
  "return_mean": [
    -29.25,
    -27.673026315789475,
    -28.22927807486631,
    -27.36096256684492,
    -27.211436170212767,
    -27.789402173913043,
    -26.544973544973544
  ],
  "return_mean_T": [
    11,
    2011,
    4012,
    6012,
    8017,
    10024,
    12026
  ],
  "return_std": [
    29.12795049432761,
    35.46898658352766,
    36.05241984969845,
    35.834690644945155,
    35.98452647749801,
    36.864273630369794,
    36.23602578487106
  ],
  "return_std_T": [
    11,
    2011,
    4012,
    6012,
    8017,
    10024,
    12026
  ],
  "target_mean": [
    -23.621414368411145,
    -21.72122456114969,
    -16.724695542279413,
    -16.571065763147868,
    -22.2824265813253,
    -15.578982364430146,
    -17.581804741753473
  ],
  "target_mean_T": [
    166,
    2170,
    4178,
    6184,
    8193,
    10197,
    12200
  ],
  "td_error_abs": [
    876.1188817771084,
    246.21973861882717,
    276.2505055147059,
    259.3363900533537,
    233.35031532379517,
    302.7665900735294,
    233.68771701388889
  ],
  "td_error_abs_T": [
    166,
    2170,
    4178,
    6184,
    8193,
    10197,
    12200
  ],
  "test_ep_length_mean": [
    1.0,
    1.0,
    1.0,
    1.0,
    1.0,
    1.0,
    1.0
  ],
  "test_ep_length_mean_T": [
    11,
    2011,
    4012,
    6012,
    8017,
    10024,
    12026
  ],
  "test_return_mean": [
    -17.875,
    -33.75,
    -31.25,
    -40.0,
    -38.75,
    -42.5,
    -38.75
  ],
  "test_return_mean_T": [
    11,
    2011,
    4012,
    6012,
    8017,
    10024,
    12026
  ],
  "test_return_std": [
    29.836795655700026,
    59.67359131140005,
    59.358550352918826,
    60.0,
    59.98697775350914,
    59.94789404140899,
    59.98697775350914
  ],
  "test_return_std_T": [
    11,
    2011,
    4012,
    6012,
    8017,
    10024,
    12026
  ]
}