{
  "ep_length_mean": [
    30.0,
    25.3875,
    15.7265625,
    4.625,
    4.625,
    4.625,
    1.3461021505376345,
    1.0,
    1.0,
    1.0
  ],
  "ep_length_mean_T": [
    240,
    2271,
    4284,
    6319,
    8354,
    10389,
    12392,
    14392,
    16392,
    18392
  ],
  "episode": [
    80,
    208,
    632,
    1072,
    1512,
    2912,
    4912,
    6912,
    8912
  ],
  "episode_T": [
    2118,
    4189,
    6208,
    8243,
    10278,
    12280,
    14280,
    16280,
    18280
  ],
  "epsilon": [
    1.0,
    0.9959758,
    0.9920409,
    0.9880642,
    0.9841977,
    0.9803312,
    0.9764704,
    0.9726704,
    0.9688704,
    0.9650704
  ],
  "epsilon_T": [
    240,
    2271,
    4284,
    6319,
    8354,
    10389,
    12392,
    14392,
    16392,
    18392
  ],
  "grad_norm": [
    1104.4937929417943,
    1048.3480172007041,
    51.062858534242025,
    42.91452423107695,
    41.08932864729923,
    19.1267178275662,
    12.392065956846624,
    11.009775454254369,
    10.707833244768237
  ],
  "grad_norm_T": [
    3036,
    5061,
    7096,
    9131,
    11136,
    13136,
    15136,
    17136,
    19136
  ],
  "loss_td": [
    3477.6396484375,
    1024.0045166015625,
    15.713635444641113,
    11.856571197509766,
    8.641000747680664,
    0.09836476296186447,
    0.07865042984485626,
    0.04455464333295822,
    0.04952182248234749
  ],
  "loss_td_T": [
    3036,
    5061,
    7096,
    9131,
    11136,
    13136,
    15136,
    17136,
    19136
  ],
  "q_taken_mean": [
    -0.40210825401175476,
    -39.15989710133901,
    -45.030316430817614,
    -41.6646262886598,
    -43.99508769982238,
    -31.925735473632812,
    -30.674055099487305,
    -31.25792121887207,
    -32.572200775146484
  ],
  "q_taken_mean_T": [
    3036,
    5061,
    7096,
    9131,
    11136,
    13136,
    15136,
    17136,
    19136
  ],
  "return_mean": [
    -821.0,
    -700.05,
    -487.625,
    -150.0818181818182,
    -150.16590909090908,
    -149.35681818181817,
    -41.30779569892473,
    -31.535,
    -31.5905,
    -31.517
  ],
  "return_mean_T": [
    240,
    2271,
    4284,
    6319,
    8354,
    10389,
    12392,
    14392,
    16392,
    18392
  ],
  "return_std": [
    222.63029892626923,
    587.212991596746,
    565.8213609435402,
    314.36828812479223,
    313.50768037799605,
    314.4821608596693,
    106.1122574247962,
    15.971060547127108,
    16.11725192922168,
    15.64246499117067
  ],
  "return_std_T": [
    240,
    2271,
    4284,
    6319,
    8354,
    10389,
    12392,
    14392,
    16392,
    18392
  ],
  "target_mean": [
    -40.20199532691041,
    -43.775862560864276,
    -45.49333235062893,
    -41.99088733431517,
    -43.79085257548846,
    -32.0859375,
    -30.7890625,
    -31.09375,
    -32.6015625
  ],
  "target_mean_T": [
    3036,
    5061,
    7096,
    9131,
    11136,
    13136,
    15136,
    17136,
    19136
  ],
  "td_error_abs": [
    3477.6396574440055,
    1024.0044887401095,
    15.713635023584906,
    11.85657115818299,
    8.641000534247336,
    0.09836476296186447,
    0.07865042984485626,
    0.04455464333295822,
    0.04952182248234749
  ],
  "td_error_abs_T": [
    3036,
    5061,
    7096,
    9131,
    11136,
    13136,
    15136,
    17136,
    19136
  ],
  "test_ep_length_mean": [
    30.0,
    19.125,
    4.666666666666667,
    4.625,
    4.625,
    4.625,
    1.0,
    1.0,
    1.0,
    1.0
  ],
  "test_ep_length_mean_T": [
    240,
    2271,
    4284,
    6319,
    8354,
    10389,
    12392,
    14392,
    16392,
    18392
  ],
  "test_return_mean": [
    -1200.0,
    -765.0,
    -20.0,
    -56.75,
    -4.625,
    -4.625,
    0.0,
    0.0,
    0.0,
    0.0
  ],
  "test_return_mean_T": [
    240,
    2271,
    4284,
    6319,
    8354,
    10389,
    12392,
    14392,
    16392,
    18392
  ],
  "test_return_std": [
    0.0,
    561.5825852000754,
    703.2306402122516,
    44.316334460331895,
    9.590848502609141,
    9.590848502609141,
    0.0,
    0.0,
    0.0,
    0.0
  ],
  "test_return_std_T": [
    240,
    2271,
    4284,
    6319,
    8354,
    10389,
    12392,
    14392,
    16392,
    18392
  ]
}