{
  "actor_loss": [
    0.5684201717376709,
    0.7777396440505981,
    0.4199857711791992,
    0.5955656170845032
  ],
  "actor_loss_T": [
    84,
    2087,
    4092,
    6092
  ],
  "advantage_mean": [
    -0.6705988475254604,
    -0.8427537282307943,
    -0.47260379791259766,
    -0.6706426753554233
  ],
  "advantage_mean_T": [
    84,
    2087,
    4092,
    6092
  ],
  "critic_loss": [
    1.308095932006836,
    3.7847492694854736,
    0.18014787137508392,
    1.2694042921066284
  ],
  "critic_loss_T": [
    84,
    2087,
    4092,
    6092
  ],
  "entropy_loss": [
    2.7583436965942383,
    2.646733522415161,
    2.7440216541290283,
    2.7297117710113525
  ],
  "entropy_loss_T": [
    84,
    2087,
    4092,
    6092
  ],
  "ep_length_mean": [
    1.375,
    1.3164473684210527,
    1.3311170212765957,
    1.3247354497354498,
    1.319736842105263
  ],
  "ep_length_mean_T": [
    11,
    2012,
    4014,
    6017,
    8023
  ],
  "episode": [
    1520,
    3024,
    4536,
    6056
  ],
  "episode_T": [
    2003,
    4004,
    6006,
    8011
  ],
  "epsilon": [
    1.0,
    0.97997,
    0.95996,
    0.93994,
    0.91989
  ],
  "epsilon_T": [
    11,
    2012,
    4014,
    6017,
    8023
  ],
  "grad_norm": [
    2.1209451398512744,
    1.2360876635366926,
    0.5429190308473741,
    0.7915010346445672
  ],
  "grad_norm_T": [
    84,
    2087,
    4092,
    6092
  ],
  "lr": [
    0.0005,
    0.0005,
    0.0005,
    0.0005
  ],
  "lr_T": [
    84,
    2087,
    4092,
    6092
  ],
  "return_mean": [
    -11.5,
    -29.410526315789475,
    -28.87367021276596,
    -27.951719576719576,
    -28.525
  ],
  "return_mean_T": [
    11,
    2012,
    4014,
    6017,
    8023
  ],
  "return_std": [
    26.315394733881533,
    35.431734136696136,
    36.65536372375846,
    36.41362429201594,
    35.78654784383299
  ],
  "return_std_T": [
    11,
    2012,
    4014,
    6017,
    8023
  ],
  "target_mean": [
    -0.6719201405843099,
    -1.8837916056315105,
    -0.18856384537436746,
    -0.8959292921909067
  ],
  "target_mean_T": [
    84,
    2087,
    4092,
    6092
  ],
  "test_ep_length_mean": [
    3.5729166666666665,
    1.0,
    1.0,
    1.0,
    1.0
  ],
  "test_ep_length_mean_T": [
    11,
    2012,
    4014,
    6017,
    8023
  ],
  "test_return_mean": [
    -54.208333333333336,
    -21.0,
    -17.25,
    -20.375,
    -24.125
  ],
  "test_return_mean_T": [
    11,
    2012,
    4014,
    6017,
    8023
  ],
  "test_return_std": [
    44.30456068196842,
    30.0,
    29.764702249476645,
    29.99348887675457,
    29.836795655700026
  ],
  "test_return_std_T": [
    11,
    2012,
    4014,
    6017,
    8023
  ]
}