{
  "ep_length_mean": [
    1.25,
    1.3227513227513228,
    1.3240740740740742,
    1.3102094240837696,
    1.2979274611398963,
    1.299222797927461,
    1.2657828282828283,
    1.3059895833333333,
    1.255625,
    1.2741116751269035,
    1.243781094527363,
    1.264520202020202,
    1.2333743842364533,
    1.2364532019704433
  ],
  "ep_length_mean_T": [
    10,
    2010,
    4012,
    6014,
    8018,
    10024,
    12029,
    14035,
    16044,
    18052,
    20052,
    22055,
    24058,
    26066
  ],
  "episode": [
    1520,
    3032,
    4560,
    6104,
    7648,
    9232,
    10768,
    12368,
    13944,
    15552,
    17136,
    18760,
    20384
  ],
  "episode_T": [
    2010,
    4012,
    6014,
    8018,
    10024,
    12029,
    14035,
    16044,
    18052,
    20052,
    22055,
    24058,
    26066
  ],
  "epsilon": [
    1.0,
    0.981019,
    0.9619715,
    0.942981,
    0.9239145,
    0.904848,
    0.8858195,
    0.866753,
    0.8476865,
    0.828601,
    0.8095915,
    0.7905725,
    0.771544,
    0.7524585
  ],
  "epsilon_T": [
    10,
    2010,
    4012,
    6014,
    8018,
    10024,
    12029,
    14035,
    16044,
    18052,
    20052,
    22055,
    24058,
    26066
  ],
  "grad_norm": [
    9.67690826168417,
    41.302298574193706,
    16.642757917756615,
    19.788582209509872,
    21.206041368211782,
    17.137725436840217,
    20.201197915993948,
    18.54224183170724,
    17.532770059058787,
    20.426430943847052,
    19.680357622381088,
    21.500734445440525,
    13.87285291770676
  ],
  "grad_norm_T": [
    175,
    2178,
    4185,
    6186,
    8196,
    10198,
    12203,
    14204,
    16204,
    18208,
    20208,
    22210,
    24210
  ],
  "loss_td": [
    859.3602905273438,
    663.7545166015625,
    568.51513671875,
    539.1857299804688,
    534.0209350585938,
    503.5191955566406,
    590.1814575195312,
    540.7616577148438,
    505.081787109375,
    530.9205322265625,
    466.70318603515625,
    503.3956604003906,
    490.38372802734375
  ],
  "loss_td_T": [
    175,
    2178,
    4185,
    6186,
    8196,
    10198,
    12203,
    14204,
    16204,
    18208,
    20208,
    22210,
    24210
  ],
  "q_taken_mean": [
    -0.02365342821393694,
    -12.641468267331177,
    -20.664293242663874,
    -25.410902152032207,
    -25.167391149009145,
    -26.766041475183822,
    -26.753997093023255,
    -25.436144947300296,
    -25.397801528742285,
    -25.37973303297546,
    -25.638344369283537,
    -25.79513567862426,
    -25.770628375771604
  ],
  "q_taken_mean_T": [
    175,
    2178,
    4185,
    6186,
    8196,
    10198,
    12203,
    14204,
    16204,
    18208,
    20208,
    22210,
    24210
  ],
  "return_mean": [
    -32.375,
    -27.17526455026455,
    -28.304232804232804,
    -26.728403141361255,
    -26.259067357512954,
    -27.099093264248705,
    -28.069444444444443,
    -25.979166666666668,
    -28.304375,
    -26.55520304568528,
    -25.927860696517413,
    -27.29861111111111,
    -25.666871921182267,
    -24.408866995073893
  ],
  "return_mean_T": [
    10,
    2010,
    4012,
    6014,
    8018,
    10024,
    12029,
    14035,
    16044,
    18052,
    20052,
    22055,
    24058,
    26066
  ],
  "return_std": [
    36.78973192345929,
    36.015195158952295,
    36.232056797197224,
    36.38947519961569,
    35.75119452565197,
    36.07869420230773,
    35.54695608009278,
    34.90833731200742,
    35.14515230952023,
    35.49788366229626,
    34.34804693514904,
    34.41614165114672,
    33.787411099932065,
    34.098962326165086
  ],
  "return_std_T": [
    10,
    2010,
    4012,
    6014,
    8018,
    10024,
    12029,
    14035,
    16044,
    18052,
    20052,
    22055,
    24058,
    26066
  ],
  "target_mean": [
    -25.686484375,
    -27.96227606411638,
    -25.926826290967988,
    -26.625143788343557,
    -27.44007538586128,
    -26.31900275735294,
    -27.205160451489824,
    -26.255209296412723,
    -27.65507450810185,
    -19.639500155770705,
    -20.871090772675306,
    -25.691212671042898,
    -28.261574074074073
  ],
  "target_mean_T": [
    175,
    2178,
    4185,
    6186,
    8196,
    10198,
    12203,
    14204,
    16204,
    18208,
    20208,
    22210,
    24210
  ],
  "td_error_abs": [
    859.3602678571428,
    663.7545348419541,
    568.5151486280488,
    539.1857266104295,
    534.0209603658536,
    503.51920955882355,
    590.1814589389535,
    540.761649408284,
    505.0817901234568,
    530.9205329754601,
    466.7031726371951,
    503.39566383136093,
    490.3837287808642
  ],
  "td_error_abs_T": [
    175,
    2178,
    4185,
    6186,
    8196,
    10198,
    12203,
    14204,
    16204,
    18208,
    20208,
    22210,
    24210
  ],
  "test_ep_length_mean": [
    1.0,
    1.0,
    1.0,
    1.0,
    1.0,
    1.0,
    1.0,
    1.0,
    1.0,
    1.0,
    1.0,
    1.0,
    1.0,
    1.0
  ],
  "test_ep_length_mean_T": [
    10,
    2010,
    4012,
    6014,
    8018,
    10024,
    12029,
    14035,
    16044,
    18052,
    20052,
    22055,
    24058,
    26066
  ],
  "test_return_mean": [
    -19.75,
    -23.5,
    -22.875,
    -22.875,
    -19.75,
    -18.5,
    -17.25,
    -22.25,
    -26.625,
    -23.5,
    -18.5,
    -26.0,
    -23.5,
    -23.5
  ],
  "test_return_mean_T": [
    10,
    2010,
    4012,
    6014,
    8018,
    10024,
    12029,
    14035,
    16044,
    18052,
    20052,
    22055,
    24058,
    26066
  ],
  "test_return_std": [
    29.973947020704497,
    29.895651857753496,
    29.94134891750871,
    29.94134891750871,
    29.973947020704497,
    29.895651857753496,
    29.764702249476645,
    29.973947020704497,
    29.46793808531571,
    29.895651857753496,
    29.895651857753496,
    29.58039891549808,
    29.895651857753496,
    29.895651857753496
  ],
  "test_return_std_T": [
    10,
    2010,
    4012,
    6014,
    8018,
    10024,
    12029,
    14035,
    16044,
    18052,
    20052,
    22055,
    24058,
    26066
  ]
}