{
  "agent_norm": [
    2.052316007341814
  ],
  "agent_norm_T": [
    12799
  ],
  "central_loss": [
    3998.636474609375
  ],
  "central_loss_T": [
    12799
  ],
  "ep_length_mean": [
    100.0,
    100.0,
    100.0,
    100.0,
    100.0,
    99.95833333333333
  ],
  "ep_length_mean_T": [
    800,
    3200,
    5600,
    8000,
    10400,
    12799
  ],
  "episode": [
    24,
    48,
    72,
    96,
    120
  ],
  "episode_T": [
    2400,
    4800,
    7200,
    9600,
    12000
  ],
  "epsilon": [
    1.0,
    0.9772,
    0.9544,
    0.9316,
    0.9088,
    0.886
  ],
  "epsilon_T": [
    800,
    3200,
    5600,
    8000,
    10400,
    12799
  ],
  "grad_norm": [
    315.4628763650226
  ],
  "grad_norm_T": [
    12799
  ],
  "loss": [
    6529.8935546875
  ],
  "loss_T": [
    12799
  ],
  "mixer_norm": [
    15.943188762070976
  ],
  "mixer_norm_T": [
    12799
  ],
  "q_taken_mean": [
    -0.03640982646273024
  ],
  "q_taken_mean_T": [
    12799
  ],
  "qmix_loss": [
    2531.25732421875
  ],
  "qmix_loss_T": [
    12799
  ],
  "return_mean": [
    -3037.375,
    -2967.875,
    -2910.5,
    -2808.2083333333335,
    -2819.625,
    -2651.25
  ],
  "return_mean_T": [
    800,
    3200,
    5600,
    8000,
    10400,
    12799
  ],
  "return_std": [
    312.1593893750435,
    323.5306930957247,
    258.40262511566453,
    290.04166068093656,
    301.88447190109,
    549.8031655359337
  ],
  "return_std_T": [
    800,
    3200,
    5600,
    8000,
    10400,
    12799
  ],
  "target_mean": [
    -34.599844226111415
  ],
  "target_mean_T": [
    12799
  ],
  "td_error_abs": [
    79.33798538948355
  ],
  "td_error_abs_T": [
    12799
  ],
  "test_ep_length_mean": [
    100.0,
    100.0,
    100.0,
    100.0,
    100.0,
    100.0
  ],
  "test_ep_length_mean_T": [
    800,
    3200,
    5600,
    8000,
    10400,
    12799
  ],
  "test_return_mean": [
    -3040.8333333333335,
    -2969.2083333333335,
    -3016.3333333333335,
    -2863.5,
    -2979.7916666666665,
    -2074.75
  ],
  "test_return_mean_T": [
    800,
    3200,
    5600,
    8000,
    10400,
    12799
  ],
  "test_return_std": [
    476.4750488978644,
    678.6559621270231,
    770.9579358751611,
    948.4308971488996,
    798.7170430950848,
    878.3601316278724
  ],
  "test_return_std_T": [
    800,
    3200,
    5600,
    8000,
    10400,
    12799
  ],
  "w_to_use": [
    0.1239762231707573
  ],
  "w_to_use_T": [
    12799
  ]
}