{
  "agent_grad_norm": [
    1.0297310109899258,
    7.483277316626983,
    1.7752146916375662,
    2.998417728304822,
    0.4199012017124148,
    0.26552395982506305,
    0.21124710794179888,
    0.1866098748537446
  ],
  "agent_grad_norm_T": [
    39,
    2049,
    4059,
    6066,
    8081,
    10091,
    12104,
    14107
  ],
  "critic_grad_norm": [
    528.5896665172116,
    153.93664281922617,
    52.218039450352464,
    25.681096378571034,
    13.51095882413669,
    7.122747919118238,
    28.51459206152142,
    12.582008632851174
  ],
  "critic_grad_norm_T": [
    39,
    2049,
    4059,
    6066,
    8081,
    10091,
    12104,
    14107
  ],
  "critic_loss": [
    1733.7083740234375,
    70.09967803955078,
    171.01353454589844,
    13.931660652160645,
    2.6301422119140625,
    2.1498258113861084,
    174.07203674316406,
    0.5261939764022827
  ],
  "critic_loss_T": [
    39,
    2049,
    4059,
    6066,
    8081,
    10091,
    12104,
    14107
  ],
  "entropy": [
    2.7707958221435547,
    1.7507976293563843,
    1.077832579612732,
    0.5240417718887329,
    0.1715937703847885,
    0.12036849558353424,
    0.1459483951330185,
    0.2307468205690384
  ],
  "entropy_T": [
    39,
    2049,
    4059,
    6066,
    8081,
    10091,
    12104,
    14107
  ],
  "ep_length_mean": [
    1.0,
    1.5352760736196318,
    1.8400735294117647,
    1.8712686567164178,
    1.9841269841269842,
    1.9930555555555556,
    1.9970238095238095,
    2.004
  ],
  "ep_length_mean_T": [
    8,
    2010,
    4012,
    6018,
    8018,
    10027,
    12040,
    14044
  ],
  "episode": [
    1312,
    2400,
    3472,
    4480,
    5488,
    6496,
    7496
  ],
  "episode_T": [
    2010,
    4012,
    6018,
    8018,
    10027,
    12040,
    14044
  ],
  "epsilon": [
    0.0,
    0.0,
    0.0,
    0.0,
    0.0,
    0.0,
    0.0,
    0.0
  ],
  "epsilon_T": [
    8,
    2010,
    4012,
    6018,
    8018,
    10027,
    12040,
    14044
  ],
  "mix_loss": [
    13.435707092285156,
    6.71094274520874,
    -3.225532054901123,
    -11.826190948486328,
    -11.444425582885742,
    -13.32215690612793,
    -12.442619323730469,
    -13.742690086364746
  ],
  "mix_loss_T": [
    39,
    2049,
    4059,
    6066,
    8081,
    10091,
    12104,
    14107
  ],
  "q_t_mean": [
    0.9380257435334034,
    -13.680579907966383,
    -0.15682074983241195,
    9.361610287525615,
    11.01314968532986,
    13.714569091796875,
    10.908214569091797,
    13.39006233215332
  ],
  "q_t_mean_T": [
    39,
    2049,
    4059,
    6066,
    8081,
    10091,
    12104,
    14107
  ],
  "return_mean": [
    -8.0,
    -23.756901840490798,
    -11.498161764705882,
    0.6511194029850746,
    8.547619047619047,
    9.520833333333334,
    10.246031746031745,
    11.505
  ],
  "return_mean_T": [
    8,
    2010,
    4012,
    6018,
    8018,
    10027,
    12040,
    14044
  ],
  "return_std": [
    39.07044919117261,
    33.651223756946166,
    28.40910421859943,
    26.085098941860245,
    19.10979435689489,
    17.780505936813146,
    16.68442459108195,
    11.75891045122804
  ],
  "return_std_T": [
    8,
    2010,
    4012,
    6018,
    8018,
    10027,
    12040,
    14044
  ],
  "target_mean": [
    -24.65212151943109,
    -8.403659704959754,
    0.410989341089281,
    10.850883108670594,
    12.107818119109623,
    14.03471565246582,
    9.986540794372559,
    14.03500747680664
  ],
  "target_mean_T": [
    39,
    2049,
    4059,
    6066,
    8081,
    10091,
    12104,
    14107
  ],
  "td_error_abs": [
    34.08682642227564,
    6.102203831528172,
    6.409259860798464,
    2.326149612176614,
    1.1023823571583582,
    0.9765416979789734,
    2.787569284439087,
    0.6449461579322815
  ],
  "td_error_abs_T": [
    39,
    2049,
    4059,
    6066,
    8081,
    10091,
    12104,
    14107
  ],
  "test_ep_length_mean": [
    1.0,
    6.0,
    2.0,
    2.0,
    2.0,
    2.0,
    2.0,
    2.0
  ],
  "test_ep_length_mean_T": [
    8,
    2010,
    4012,
    6018,
    8018,
    10027,
    12040,
    14044
  ],
  "test_return_mean": [
    -22.875,
    -12.0,
    2.0,
    12.5,
    12.052083333333334,
    10.34375,
    12.5,
    10.90625
  ],
  "test_return_mean_T": [
    8,
    2010,
    4012,
    6018,
    8018,
    10027,
    12040,
    14044
  ],
  "test_return_std": [
    29.94134891750871,
    0.0,
    16.583123951777,
    5.5,
    12.895711328178923,
    17.265589649285076,
    5.5,
    12.804685116686782
  ],
  "test_return_std_T": [
    8,
    2010,
    4012,
    6018,
    8018,
    10027,
    12040,
    14044
  ]
}