{
  "advantage_mean": [
    0.004138875507309052,
    -5.510117567978896,
    -1.1181355989896333,
    0.23681916130913627,
    -2.2376480651416366,
    -2.8475181633699025,
    -2.432908944204344
  ],
  "advantage_mean_T": [
    167,
    2172,
    4179,
    6185,
    8193,
    10200,
    12203
  ],
  "agent_grad_norm": [
    0.01653298731779501,
    29.240072132663244,
    34.80749464843868,
    19.668490068963244,
    29.94479027293859,
    37.132875233480796,
    28.444324339061403
  ],
  "agent_grad_norm_T": [
    167,
    2172,
    4179,
    6185,
    8193,
    10200,
    12203
  ],
  "coma_loss": [
    0.012216161005198956,
    -77.02832794189453,
    -6.135616779327393,
    -69.10309600830078,
    -143.24278259277344,
    -295.5429992675781,
    -265.4848937988281
  ],
  "coma_loss_T": [
    167,
    2172,
    4179,
    6185,
    8193,
    10200,
    12203
  ],
  "critic_grad_norm": [
    30.07604945189891,
    421.1536162276367,
    367.824638733646,
    577.2146580580849,
    68.93257889915672,
    64.12892600231305,
    44.70795433384228
  ],
  "critic_grad_norm_T": [
    167,
    2172,
    4179,
    6185,
    8193,
    10200,
    12203
  ],
  "critic_loss": [
    1794.4938151041667,
    201.81357028335333,
    114.84453520178795,
    94.65260377526283,
    12.837148267775774,
    32.06530771652857,
    13.063001883526644
  ],
  "critic_loss_T": [
    167,
    2172,
    4179,
    6185,
    8193,
    10200,
    12203
  ],
  "ep_length_mean": [
    1.375,
    1.2207317073170731,
    1.1403409090909091,
    1.1334841628959276,
    1.1346153846153846,
    1.1216367713004485,
    1.1363636363636365
  ],
  "ep_length_mean_T": [
    11,
    2013,
    4020,
    6024,
    8030,
    10031,
    12031
  ],
  "episode": [
    1640,
    3400,
    5168,
    6936,
    8720,
    10480
  ],
  "episode_T": [
    2004,
    4010,
    6015,
    8021,
    10023,
    12023
  ],
  "epsilon": [
    0.5,
    0.4901804,
    0.480351,
    0.4705265,
    0.4606971,
    0.4508873,
    0.4410873
  ],
  "epsilon_T": [
    11,
    2013,
    4020,
    6024,
    8030,
    10031,
    12031
  ],
  "pi_max": [
    0.06827191107287378,
    0.41512204455090806,
    0.9973167028182592,
    0.9999858008490669,
    0.9999998902245392,
    1.0,
    1.0
  ],
  "pi_max_T": [
    167,
    2172,
    4179,
    6185,
    8193,
    10200,
    12203
  ],
  "q_taken_mean": [
    -0.0022401021272745185,
    -37.19901611930446,
    -30.342456124045633,
    -35.92377812521798,
    -30.45112215677897,
    -33.902527491251625,
    -13.12448321448432
  ],
  "q_taken_mean_T": [
    167,
    2172,
    4179,
    6185,
    8193,
    10200,
    12203
  ],
  "return_mean": [
    -46.25,
    -26.258536585365853,
    -23.95284090909091,
    -24.221153846153847,
    -24.851244343891402,
    -22.44170403587444,
    -23.263636363636362
  ],
  "return_mean_T": [
    11,
    2013,
    4020,
    6024,
    8030,
    10031,
    12031
  ],
  "return_std": [
    30.666553441819968,
    35.09918333849307,
    32.55894205649696,
    33.02880383591775,
    32.55731004499044,
    32.49613582771085,
    32.463735648125976
  ],
  "return_std_T": [
    11,
    2013,
    4020,
    6024,
    8030,
    10031,
    12031
  ],
  "target_mean": [
    -25.681476346908074,
    -39.10907860806114,
    -30.138403328982264,
    -40.12336894444057,
    -30.92052421569824,
    -34.21777110629612,
    -13.114856719970703
  ],
  "target_mean_T": [
    167,
    2172,
    4179,
    6185,
    8193,
    10200,
    12203
  ],
  "td_error_abs": [
    33.81571808681693,
    8.99344485935412,
    5.526479731906544,
    5.223722951752799,
    0.9283324400583903,
    1.1857028272416856,
    0.8387122684054904
  ],
  "td_error_abs_T": [
    167,
    2172,
    4179,
    6185,
    8193,
    10200,
    12203
  ],
  "test_ep_length_mean": [
    6.0,
    1.0,
    1.0,
    1.0,
    1.0,
    1.0,
    1.0
  ],
  "test_ep_length_mean_T": [
    11,
    2013,
    4020,
    6024,
    8030,
    10031,
    12031
  ],
  "test_return_mean": [
    -12.0,
    -20.375,
    -22.875,
    -21.0,
    -25.375,
    -19.125,
    -21.0
  ],
  "test_return_mean_T": [
    11,
    2013,
    4020,
    6024,
    8030,
    10031,
    12031
  ],
  "test_return_std": [
    0.0,
    29.99348887675457,
    29.94134891750871,
    30.0,
    29.679275176459413,
    29.94134891750871,
    30.0
  ],
  "test_return_std_T": [
    11,
    2013,
    4020,
    6024,
    8030,
    10031,
    12031
  ]
}