{
  "actor_loss": [
    0.6917213797569275,
    -0.47282809019088745,
    0.6766994595527649,
    0.8823363780975342,
    0.8180823922157288,
    0.9902991652488708
  ],
  "actor_loss_T": [
    83,
    2091,
    4096,
    6099,
    8104,
    10110
  ],
  "advantage_mean": [
    -0.8324460868375847,
    0.3667163634568118,
    -0.7642103683116824,
    -0.9940182975168979,
    -0.9007740693933823,
    -1.138792249891493
  ],
  "advantage_mean_T": [
    83,
    2091,
    4096,
    6099,
    8104,
    10110
  ],
  "critic_loss": [
    1.2282637357711792,
    0.7424814701080322,
    5.36065673828125,
    1.9250398874282837,
    0.1831803321838379,
    1.0641331672668457
  ],
  "critic_loss_T": [
    83,
    2091,
    4096,
    6099,
    8104,
    10110
  ],
  "entropy_loss": [
    2.757028818130493,
    2.7224819660186768,
    2.6971535682678223,
    2.6948511600494385,
    2.631664514541626,
    2.6878435611724854
  ],
  "entropy_loss_T": [
    83,
    2091,
    4096,
    6099,
    8104,
    10110
  ],
  "ep_length_mean": [
    1.125,
    1.3351063829787233,
    1.338903743315508,
    1.3357712765957446,
    1.3304521276595744,
    1.3415775401069518
  ],
  "ep_length_mean_T": [
    9,
    2017,
    4020,
    6029,
    8030,
    10037
  ],
  "episode": [
    1504,
    3000,
    4496,
    6008,
    7496
  ],
  "episode_T": [
    2002,
    4010,
    6010,
    8019,
    10019
  ],
  "epsilon": [
    1.0,
    0.97998,
    0.9599,
    0.93981,
    0.91981,
    0.89971
  ],
  "epsilon_T": [
    9,
    2017,
    4020,
    6029,
    8030,
    10037
  ],
  "grad_norm": [
    2.926888753316602,
    0.7308428881670134,
    3.5291699373438252,
    0.5264609088391552,
    0.24482621876016283,
    0.5927861787883908
  ],
  "grad_norm_T": [
    83,
    2091,
    4096,
    6099,
    8104,
    10110
  ],
  "lr": [
    0.0005,
    0.0005,
    0.0005,
    0.0005,
    0.0005,
    0.0005
  ],
  "lr_T": [
    83,
    2091,
    4096,
    6099,
    8104,
    10110
  ],
  "return_mean": [
    -47.125,
    -26.303856382978722,
    -27.425802139037433,
    -27.222074468085108,
    -26.774601063829788,
    -28.281417112299465
  ],
  "return_mean_T": [
    9,
    2017,
    4020,
    6029,
    8030,
    10037
  ],
  "return_std": [
    28.113330912575975,
    35.38893077359816,
    35.571553294287526,
    35.54641694177783,
    35.78625402629433,
    35.72672312968789
  ],
  "return_std_T": [
    9,
    2017,
    4020,
    6029,
    8030,
    10037
  ],
  "target_mean": [
    -0.834080707596009,
    -0.4958616535315353,
    -2.338164573492006,
    -0.7848468737655812,
    -0.41205291748046874,
    -0.7047816147038966
  ],
  "target_mean_T": [
    83,
    2091,
    4096,
    6099,
    8104,
    10110
  ],
  "test_ep_length_mean": [
    3.7083333333333335,
    2.2291666666666665,
    1.0,
    1.0,
    1.0,
    1.0
  ],
  "test_ep_length_mean_T": [
    9,
    2017,
    4020,
    6029,
    8030,
    10037
  ],
  "test_return_mean": [
    -6.0625,
    6.3125,
    -15.375,
    -22.875,
    -24.125,
    -19.125
  ],
  "test_return_mean_T": [
    9,
    2017,
    4020,
    6029,
    8030,
    10037
  ],
  "test_return_std": [
    33.99075012043718,
    2.7775607554111215,
    29.46793808531571,
    29.94134891750871,
    29.836795655700026,
    29.94134891750871
  ],
  "test_return_std_T": [
    9,
    2017,
    4020,
    6029,
    8030,
    10037
  ]
}