{
  "critic_loss": [
    1410.1427001953125
  ],
  "critic_loss_T": [
    12800
  ],
  "ep_length_mean": [
    100.0,
    100.0,
    100.0,
    100.0,
    100.0,
    100.0
  ],
  "ep_length_mean_T": [
    800,
    3200,
    5600,
    8000,
    10400,
    12800
  ],
  "episode": [
    24,
    48,
    72,
    96,
    120
  ],
  "episode_T": [
    2400,
    4800,
    7200,
    9600,
    12000
  ],
  "epsilon": [
    0.0,
    0.0,
    0.0,
    0.0,
    0.0,
    0.0
  ],
  "epsilon_T": [
    800,
    3200,
    5600,
    8000,
    10400,
    12800
  ],
  "return_mean": [
    -2838.5,
    -2782.7916666666665,
    -3042.25,
    -2808.5416666666665,
    -2806.0833333333335,
    -2872.2916666666665
  ],
  "return_mean_T": [
    800,
    3200,
    5600,
    8000,
    10400,
    12800
  ],
  "return_std": [
    312.5243990474984,
    302.281598729654,
    289.76143204367276,
    255.69284619875899,
    288.522373001163,
    337.43178065680513
  ],
  "return_std_T": [
    800,
    3200,
    5600,
    8000,
    10400,
    12800
  ],
  "test_ep_length_mean": [
    100.0,
    100.0,
    100.0,
    100.0,
    100.0
  ],
  "test_ep_length_mean_T": [
    800,
    3200,
    5600,
    8000,
    10400
  ],
  "test_return_mean": [
    -5539.958333333333,
    -5660.791666666667,
    -5763.791666666667,
    -5604.291666666667,
    -5620.916666666667
  ],
  "test_return_mean_T": [
    800,
    3200,
    5600,
    8000,
    10400
  ],
  "test_return_std": [
    613.8478692617758,
    554.9040441949301,
    418.1510870453672,
    520.5358200263989,
    510.179210071215
  ],
  "test_return_std_T": [
    800,
    3200,
    5600,
    8000,
    10400
  ]
}