{
  "ep_length_mean": [
    1.125,
    1.3287037037037037
  ],
  "ep_length_mean_T": [
    9,
    2018
  ],
  "episode": [
    1504
  ],
  "episode_T": [
    2000
  ],
  "epsilon": [
    1.0,
    0.9961848
  ],
  "epsilon_T": [
    9,
    2018
  ],
  "grad_norm": [
    1237.5572442511184,
    416.5932273091865
  ],
  "grad_norm_T": [
    165,
    2173
  ],
  "loss_td": [
    1026.1939697265625,
    286.39361572265625
  ],
  "loss_td_T": [
    165,
    2173
  ],
  "q_taken_mean": [
    4.906081690932766,
    -19.478434244791668
  ],
  "q_taken_mean_T": [
    165,
    2173
  ],
  "return_mean": [
    -54.625,
    -28.340608465608465
  ],
  "return_mean_T": [
    9,
    2018
  ],
  "return_std": [
    32.82124883364434,
    36.120898429212325
  ],
  "return_std_T": [
    9,
    2018
  ],
  "target_mean": [
    -25.1509765625,
    -23.75904702240566
  ],
  "target_mean_T": [
    165,
    2173
  ],
  "td_error_abs": [
    1026.1939393939394,
    286.3936222484277
  ],
  "td_error_abs_T": [
    165,
    2173
  ],
  "test_ep_length_mean": [
    1.0,
    1.0
  ],
  "test_ep_length_mean_T": [
    9,
    2018
  ],
  "test_return_mean": [
    -38.75,
    -41.25
  ],
  "test_return_mean_T": [
    9,
    2018
  ],
  "test_return_std": [
    59.98697775350914,
    59.98697775350914
  ],
  "test_return_std_T": [
    9,
    2018
  ]
}