{
  "agent_norm": [
    3.634431192126823,
    94.32530357317303,
    48.141185913005586,
    75.33512780637425,
    19.40790471590278
  ],
  "agent_norm_T": [
    170,
    2178,
    4181,
    6191,
    8191
  ],
  "central_loss": [
    873.7459716796875,
    60.27311325073242,
    62.267601013183594,
    61.09370422363281,
    46.531986236572266
  ],
  "central_loss_T": [
    170,
    2178,
    4181,
    6191,
    8191
  ],
  "ep_length_mean": [
    1.5,
    1.3253968253968254,
    1.3177631578947369,
    1.3134816753926701,
    1.3160994764397906
  ],
  "ep_length_mean_T": [
    12,
    2016,
    4019,
    6026,
    8037
  ],
  "episode": [
    1512,
    3032,
    4560,
    6080
  ],
  "episode_T": [
    2007,
    4009,
    6016,
    8016
  ],
  "epsilon": [
    1.0,
    0.9809335,
    0.9619145,
    0.942848,
    0.9237625
  ],
  "epsilon_T": [
    12,
    2016,
    4019,
    6026,
    8037
  ],
  "grad_norm": [
    154.4055901446024,
    130.87484617976193,
    111.49417388733863,
    115.6083393273671,
    120.24817890375489
  ],
  "grad_norm_T": [
    170,
    2178,
    4181,
    6191,
    8191
  ],
  "loss": [
    1088.203369140625,
    243.1438446044922,
    266.3385314941406,
    205.06985473632812,
    236.4674530029297
  ],
  "loss_T": [
    170,
    2178,
    4181,
    6191,
    8191
  ],
  "mixer_norm": [
    33.40309018079942,
    44.13798724382493,
    52.7533512091753,
    35.319802620834295,
    36.404103580069524
  ],
  "mixer_norm_T": [
    170,
    2178,
    4181,
    6191,
    8191
  ],
  "q_taken_mean": [
    -0.1192644568050609,
    -5.267731765220905,
    -10.46690086082176,
    -12.070945243158285,
    -11.564800727658156
  ],
  "q_taken_mean_T": [
    170,
    2178,
    4181,
    6191,
    8191
  ],
  "qmix_loss": [
    214.45742797851562,
    182.8707275390625,
    204.0709228515625,
    143.9761505126953,
    189.9354705810547
  ],
  "qmix_loss_T": [
    170,
    2178,
    4181,
    6191,
    8191
  ],
  "return_mean": [
    -19.25,
    -29.003968253968253,
    -28.620394736842105,
    -26.665575916230367,
    -27.899214659685864
  ],
  "return_mean_T": [
    12,
    2016,
    4019,
    6026,
    8037
  ],
  "return_std": [
    27.012728481217888,
    36.69762380207428,
    37.77213509080294,
    37.90944111929403,
    38.6296728231018
  ],
  "return_std_T": [
    12,
    2016,
    4019,
    6026,
    8037
  ],
  "target_mean": [
    -25.09364947150735,
    -27.86376953125,
    -34.26420838155864,
    -28.145022420488164,
    -33.68326028963415
  ],
  "target_mean_T": [
    170,
    2178,
    4181,
    6191,
    8191
  ],
  "td_error_abs": [
    32.69840016084559,
    27.548199533045977,
    28.814453125,
    20.631318763868343,
    26.888710580221037
  ],
  "td_error_abs_T": [
    170,
    2178,
    4181,
    6191,
    8191
  ],
  "test_ep_length_mean": [
    2.0,
    1.0,
    1.0,
    1.0,
    1.0
  ],
  "test_ep_length_mean_T": [
    12,
    2016,
    4019,
    6026,
    8037
  ],
  "test_return_mean": [
    -33.0,
    -30.0,
    -40.0,
    -50.0,
    -60.0
  ],
  "test_return_mean_T": [
    12,
    2016,
    4019,
    6026,
    8037
  ],
  "test_return_std": [
    28.284271247461902,
    59.16079783099616,
    60.0,
    59.16079783099616,
    56.568542494923804
  ],
  "test_return_std_T": [
    12,
    2016,
    4019,
    6026,
    8037
  ],
  "w_to_use": [
    0.7046874761581421,
    0.7918750047683716,
    0.653124988079071,
    0.7918750643730164,
    0.734570324420929
  ],
  "w_to_use_T": [
    170,
    2178,
    4181,
    6191,
    8191
  ]
}