{
  "actor_loss": [
    -0.026060350239276886,
    -0.03117726556956768,
    -0.035046812146902084,
    -0.03688177466392517,
    -0.03890800103545189,
    -0.03646358847618103,
    -0.03750165179371834,
    -0.0417778380215168,
    -0.04274528846144676,
    -0.04516971856355667,
    -0.0431348979473114,
    -0.04216061905026436,
    -0.045032985508441925,
    -0.04716469720005989,
    -0.041613563895225525,
    -0.04391657933592796,
    -0.04453025013208389,
    -0.049372341483831406,
    -0.046250954270362854,
    -0.047711845487356186,
    -0.04581042379140854,
    -0.049028247594833374,
    -0.046135615557432175,
    -0.04850151389837265,
    -0.04431231692433357,
    -0.048017870634794235,
    -0.0497426874935627,
    -0.04891025647521019,
    -0.04690678417682648,
    -0.050652094185352325,
    -0.05596496909856796,
    -0.04661288112401962,
    -0.04993492737412453,
    -0.045775555074214935,
    -0.051272209733724594,
    -0.054356154054403305,
    -0.05592692270874977,
    -0.05256340652704239,
    -0.051677603274583817
  ],
  "actor_loss_T": [
    19200,
    21600,
    24000,
    26400,
    28800,
    31184,
    33584,
    35984,
    38384,
    40784,
    43184,
    45584,
    47984,
    50384,
    52784,
    55184,
    57584,
    59984,
    62384,
    64784,
    67184,
    69584,
    71984,
    74384,
    76784,
    79184,
    81584,
    83984,
    86384,
    88784,
    91184,
    93584,
    95984,
    98384,
    100784,
    103184,
    105584,
    107984,
    110384
  ],
  "advantage_mean": [
    2.8808911641438802e-08,
    1.8576780954996744e-08,
    1.0132789611816407e-08,
    2.284844716389974e-08,
    -2.4338563283284505e-09,
    -0.0006724835138106168,
    -3.32792599995931e-09,
    2.0762284596761067e-08,
    -0.0004516724649322739,
    -0.0004750428048643696,
    -0.0005280575819866572,
    5.463759104410807e-09,
    -0.00042335091281474086,
    9.586413701375325e-09,
    3.725290298461914e-09,
    4.32133674621582e-09,
    -3.725290298461914e-09,
    8.940696716308593e-10,
    -0.00020839906514337204,
    1.6887982686360676e-09,
    -0.0001104720141909538,
    -1.341104507446289e-09,
    -6.407499313354492e-09,
    -9.751687753787133e-05,
    -3.5762786865234374e-09,
    5.563100179036459e-09,
    5.872195914350419e-05,
    5.165735880533854e-09,
    6.953875223795573e-10,
    5.960464477539063e-09,
    0.0002609420757277793,
    3.973642985026042e-09,
    4.867712656656901e-09,
    -7.947285970052084e-10,
    -8.791685104370117e-09,
    0.0005064018574031419,
    0.0005127004626594651,
    8.64267349243164e-09,
    5.960464477539063e-10
  ],
  "advantage_mean_T": [
    19200,
    21600,
    24000,
    26400,
    28800,
    31184,
    33584,
    35984,
    38384,
    40784,
    43184,
    45584,
    47984,
    50384,
    52784,
    55184,
    57584,
    59984,
    62384,
    64784,
    67184,
    69584,
    71984,
    74384,
    76784,
    79184,
    81584,
    83984,
    86384,
    88784,
    91184,
    93584,
    95984,
    98384,
    100784,
    103184,
    105584,
    107984,
    110384
  ],
  "critic_loss": [
    0.49626490473747253,
    0.45427510142326355,
    0.46597614884376526,
    0.5034019947052002,
    0.4861648976802826,
    0.42799368500709534,
    0.3497166931629181,
    0.33743971586227417,
    0.4814581871032715,
    0.43634939193725586,
    0.3304145932197571,
    0.3064735531806946,
    0.421821653842926,
    0.3090287148952484,
    0.3671431839466095,
    0.3101235032081604,
    0.34141358733177185,
    0.38812199234962463,
    0.42763856053352356,
    0.42585790157318115,
    0.3939667046070099,
    0.4171024560928345,
    0.40521249175071716,
    0.38424304127693176,
    0.2855399549007416,
    0.3744995594024658,
    0.4243845045566559,
    0.3684479892253876,
    0.29330700635910034,
    0.3988969922065735,
    0.44968080520629883,
    0.2843177020549774,
    0.3860107362270355,
    0.30152979493141174,
    0.4366665184497833,
    0.42700865864753723,
    0.3387432396411896,
    0.38715291023254395,
    0.3158004879951477
  ],
  "critic_loss_T": [
    19200,
    21600,
    24000,
    26400,
    28800,
    31184,
    33584,
    35984,
    38384,
    40784,
    43184,
    45584,
    47984,
    50384,
    52784,
    55184,
    57584,
    59984,
    62384,
    64784,
    67184,
    69584,
    71984,
    74384,
    76784,
    79184,
    81584,
    83984,
    86384,
    88784,
    91184,
    93584,
    95984,
    98384,
    100784,
    103184,
    105584,
    107984,
    110384
  ],
  "entropy_loss": [
    6.259485244750977,
    6.25851583480835,
    6.257556915283203,
    6.256736755371094,
    6.255989074707031,
    6.255081653594971,
    6.253834247589111,
    6.2518510818481445,
    6.251021385192871,
    6.250129699707031,
    6.248363494873047,
    6.246644496917725,
    6.24434757232666,
    6.243985652923584,
    6.243169784545898,
    6.2414093017578125,
    6.241837501525879,
    6.2388224601745605,
    6.24002742767334,
    6.23878812789917,
    6.237960338592529,
    6.236167907714844,
    6.235032558441162,
    6.2338690757751465,
    6.231135845184326,
    6.232777118682861,
    6.231945991516113,
    6.229326248168945,
    6.227537631988525,
    6.2277512550354,
    6.227118015289307,
    6.227090835571289,
    6.224780082702637,
    6.2241129875183105,
    6.222649097442627,
    6.221485614776611,
    6.219844818115234,
    6.2184014320373535,
    6.216867446899414
  ],
  "entropy_loss_T": [
    19200,
    21600,
    24000,
    26400,
    28800,
    31184,
    33584,
    35984,
    38384,
    40784,
    43184,
    45584,
    47984,
    50384,
    52784,
    55184,
    57584,
    59984,
    62384,
    64784,
    67184,
    69584,
    71984,
    74384,
    76784,
    79184,
    81584,
    83984,
    86384,
    88784,
    91184,
    93584,
    95984,
    98384,
    100784,
    103184,
    105584,
    107984,
    110384
  ],
  "ep_length_mean": [
    300.0,
    300.0,
    300.0,
    300.0,
    300.0,
    300.0,
    300.0,
    300.0,
    300.0,
    300.0,
    300.0,
    300.0,
    298.0,
    300.0,
    300.0,
    300.0,
    300.0,
    300.0,
    300.0,
    300.0,
    300.0,
    300.0,
    300.0,
    300.0,
    300.0,
    300.0,
    300.0,
    300.0,
    300.0,
    300.0,
    300.0,
    300.0,
    300.0,
    300.0,
    300.0,
    300.0,
    300.0,
    300.0,
    300.0,
    300.0,
    300.0,
    300.0,
    300.0,
    300.0,
    300.0,
    300.0,
    300.0
  ],
  "ep_length_mean_T": [
    2400,
    4800,
    7200,
    9600,
    12000,
    14400,
    16800,
    19200,
    21600,
    24000,
    26400,
    28800,
    31184,
    33584,
    35984,
    38384,
    40784,
    43184,
    45584,
    47984,
    50384,
    52784,
    55184,
    57584,
    59984,
    62384,
    64784,
    67184,
    69584,
    71984,
    74384,
    76784,
    79184,
    81584,
    83984,
    86384,
    88784,
    91184,
    93584,
    95984,
    98384,
    100784,
    103184,
    105584,
    107984,
    110384,
    112784
  ],
  "episode": [
    8,
    16,
    24,
    32,
    40,
    48,
    56,
    64,
    72,
    80,
    88,
    96,
    104,
    112,
    120,
    128,
    136,
    144,
    152,
    160,
    168,
    176,
    184,
    192,
    200,
    208,
    216,
    224,
    232,
    240,
    248,
    256,
    264,
    272,
    280,
    288,
    296,
    304,
    312,
    320,
    328,
    336,
    344,
    352,
    360,
    368
  ],
  "episode_T": [
    2400,
    4800,
    7200,
    9600,
    12000,
    14400,
    16800,
    19200,
    21600,
    24000,
    26400,
    28800,
    31184,
    33584,
    35984,
    38384,
    40784,
    43184,
    45584,
    47984,
    50384,
    52784,
    55184,
    57584,
    59984,
    62384,
    64784,
    67184,
    69584,
    71984,
    74384,
    76784,
    79184,
    81584,
    83984,
    86384,
    88784,
    91184,
    93584,
    95984,
    98384,
    100784,
    103184,
    105584,
    107984,
    110384
  ],