{
  "agent_norm": [
    9.275950223903191,
    1046.6803470611908,
    2805.5589852410226,
    1387.0145768274504,
    4736.224432560572,
    1966.205397483865,
    7302.263871190004,
    2153.7265242457383,
    2733.2039325029664,
    8145.19470828044,
    4732.989710351075,
    4067.688995157102,
    5042.9416807785,
    7494.91082495625,
    8290.840363505868,
    4324.163207700999,
    4677.690490398517,
    11095.824954285217
  ],
  "agent_norm_T": [
    1280,
    3280,
    5280,
    7280,
    9280,
    11280,
    13280,
    15280,
    17280,
    19280,
    21280,
    23351,
    25351,
    27351,
    29351,
    31351,
    33351,
    35351
  ],
  "central_loss": [
    3366.007080078125,
    5031.3876953125,
    4265.6044921875,
    2536.84814453125,
    3987.297607421875,
    2803.10888671875,
    6012.470703125,
    2256.65087890625,
    2986.4541015625,
    5849.8505859375,
    3654.844970703125,
    3453.390625,
    4367.51318359375,
    6042.4091796875,
    4107.3505859375,
    2991.57958984375,
    2872.5458984375,
    4510.0009765625
  ],
  "central_loss_T": [
    1280,
    3280,
    5280,
    7280,
    9280,
    11280,
    13280,
    15280,
    17280,
    19280,
    21280,
    23351,
    25351,
    27351,
    29351,
    31351,
    33351,
    35351
  ],
  "ep_length_mean": [
    10.0,
    10.0,
    10.0,
    10.0,
    10.0,
    10.0,
    10.0,
    10.0,
    10.0,
    10.0,
    10.0,
    10.0,
    9.95673076923077,
    10.0,
    10.0,
    10.0,
    10.0,
    10.0,
    10.0
  ],
  "ep_length_mean_T": [
    80,
    2080,
    4080,
    6080,
    8080,
    10080,
    12080,
    14080,
    16080,
    18080,
    20080,
    22080,
    24151,
    26151,
    28151,
    30151,
    32151,
    34151,
    36151
  ],
  "episode": [
    200,
    400,
    600,
    800,
    1000,
    1200,
    1400,
    1600,
    1800,
    2000,
    2200,
    2408,
    2608,
    2808,
    3008,
    3208,
    3408,
    3608
  ],
  "episode_T": [
    2000,
    4000,
    6000,
    8000,
    10000,
    12000,
    14000,
    16000,
    18000,
    20000,
    22000,
    24071,
    26071,
    28071,
    30071,
    32071,
    34071,
    36071
  ],
  "epsilon": [
    1.0,
    0.981,
    0.962,
    0.9430000000000001,
    0.924,
    0.905,
    0.886,
    0.867,
    0.8480000000000001,
    0.829,
    0.81,
    0.791,
    0.7713255,
    0.7523255,
    0.7333255000000001,
    0.7143255000000001,
    0.6953255,
    0.6763255,
    0.6573255
  ],
  "epsilon_T": [
    80,
    2080,
    4080,
    6080,
    8080,
    10080,
    12080,
    14080,
    16080,
    18080,
    20080,
    22080,
    24151,
    26151,
    28151,
    30151,
    32151,
    34151,
    36151
  ],
  "grad_norm": [
    262.8700945896739,
    5887.584507820914,
    2948.4224546265696,
    1413.7815210946778,
    4978.747228255458,
    2016.394590761076,
    7759.588399602376,
    2183.122406059706,
    2783.128174789634,
    8407.407895810207,
    5174.697808944343,
    4171.8815160144895,
    5204.350015585674,
    7736.043969765935,
    8416.281612010294,
    4566.71819596401,
    4915.310635419916,
    11237.897968237481
  ],
  "grad_norm_T": [
    1280,
    3280,
    5280,
    7280,
    9280,
    11280,
    13280,
    15280,
    17280,
    19280,
    21280,
    23351,
    25351,
    27351,
    29351,
    31351,
    33351,
    35351
  ],
  "loss": [
    5785.62109375,
    11898.228515625,
    9918.822265625,
    5425.63037109375,
    8322.4873046875,
    5739.10498046875,
    11857.3984375,
    4404.185546875,
    5059.54345703125,
    10582.4775390625,
    6381.2275390625,
    6554.40966796875,
    7635.9658203125,
    9151.05859375,
    7254.87060546875,
    5307.0927734375,
    5456.11572265625,
    9269.212890625
  ],
  "loss_T": [
    1280,
    3280,
    5280,
    7280,
    9280,
    11280,
    13280,
    15280,
    17280,
    19280,
    21280,
    23351,
    25351,
    27351,
    29351,
    31351,
    33351,
    35351
  ],
  "mixer_norm": [
    72.52472265350728,
    356.74124592761444,
    892.9068260960853,
    230.70427017516394,
    1525.4444145393225,
    376.0900252786088,
    2358.5756612469777,
    307.5200488706685,
    444.5831099499607,
    1960.457489046807,
    506.8346070971632,
    582.3463464914197,
    639.8934144604029,
    1469.029281508448,
    539.6514131836943,
    472.2002245558337,
    663.0681025366353,
    1206.5194909382717
  ],
  "mixer_norm_T": [
    1280,
    3280,
    5280,
    7280,
    9280,
    11280,
    13280,
    15280,
    17280,
    19280,
    21280,
    23351,
    25351,
    27351,
    29351,
    31351,
    33351,
    35351
  ],
  "q_taken_mean": [
    0.47049431800842284,
    -12.729135131835937,
    1.6624969482421874,
    4.224325561523438,
    15.301148986816406,
    15.469140625,
    13.646562194824218,
    0.3367636203765869,
    8.7429443359375,
    12.448870086669922,
    3.9852622985839843,
    -3.5791675567626955,
    -0.6532654762268066,
    -10.7459716796875,
    -10.072565460205078,
    -11.213682556152344,
    -14.245950317382812,
    -7.909351348876953
  ],
  "q_taken_mean_T": [
    1280,
    3280,
    5280,
    7280,
    9280,
    11280,
    13280,
    15280,
    17280,
    19280,
    21280,
    23351,
    25351,
    27351,
    29351,
    31351,
    33351,
    35351
  ],
  "qmix_loss": [
    2419.61376953125,
    6866.84130859375,
    5653.21728515625,
    2888.7822265625,
    4335.18994140625,
    2935.99609375,
    5844.92724609375,
    2147.53466796875,
    2073.08935546875,
    4732.626953125,
    2726.3828125,
    3101.01904296875,
    3268.452392578125,
    3108.64990234375,
    3147.52001953125,
    2315.51318359375,
    2583.56982421875,
    4759.21142578125
  ],
  "qmix_loss_T": [
    1280,
    3280,
    5280,
    7280,
    9280,
    11280,
    13280,
    15280,
    17280,
    19280,
    21280,
    23351,
    25351,
    27351,
    29351,
    31351,
    33351,
    35351
  ],
  "return_mean": [
    -239.5,
    -280.45,
    -238.83,
    -270.95,
    -243.73,
    -246.7,
    -244.895,
    -246.935,
    -220.06,
    -243.99,
    -222.11,
    -210.035,
    -188.41826923076923,
    -220.59,
    -203.22,
    -214.355,
    -251.53,
    -176.55,
    -182.06
  ],
  "return_mean_T": [
    80,
    2080,
    4080,
    6080,
    8080,
    10080,
    12080,
    14080,
    16080,
    18080,
    20080,
    22080,
    24151,
    26151,
    28151,
    30151,
    32151,
    34151,
    36151
  ],
  "return_std": [
    146.63986497538792,
    136.94162077323313,
    228.32632590220516,
    201.96763973468623,
    240.82358086366875,
    226.28811281196369,
    220.90768201898274,
    217.40846527906865,
    254.51368607601438,
    254.19468896890825,
    292.03840141323883,
    328.3981787023186,
    370.33820698228067,
    260.84361579306477,
    354.2686997181659,
    246.13847520247623,
    241.71139629731982,
    280.4837383878074,
    328.72477302448624
  ],
  "return_std_T": [
    80,
    2080,
    4080,
    6080,
    8080,
    10080,
    12080,
    14080,
    16080,
    18080,
    20080,
    22080,
    24151,
    26151,
    28151,
    30151,
    32151,
    34151,
    36151
  ],
  "target_mean": [
    -58.285894775390624,
    -51.470556640625,
    -56.30438232421875,
    -53.24454345703125,
    -57.5662353515625,
    -54.70648193359375,
    -45.50769958496094,
    -58.03306884765625,
    -54.727874755859375,
    -49.398138427734374,
    -86.510498046875,
    -84.71639404296874,
    -87.18262939453125,
    -84.5658203125,
    -83.64193115234374,
    -93.21687622070313,
    -91.81726684570313,
    -86.59336547851562
  ],
  "target_mean_T": [
    1280,
    3280,
    5280,
    7280,
    9280,
    11280,
    13280,
    15280,
    17280,
    19280,
    21280,
    23351,
    25351,
    27351,
    29351,
    31351,
    33351,
    35351
  ],