{
  "actor_loss": [
    0.7813152074813843,
    1.1074432134628296,
    0.7869028449058533,
    0.8900070190429688,
    0.7161515951156616
  ],
  "actor_loss_T": [
    86,
    2087,
    4088,
    6097,
    8098
  ],
  "advantage_mean": [
    -0.8666075773017351,
    -1.278078884548611,
    -0.8714469460880055,
    -0.9689457590987043,
    -0.7739687187727108
  ],
  "advantage_mean_T": [
    86,
    2087,
    4088,
    6097,
    8098
  ],
  "critic_loss": [
    1.1481966972351074,
    1.0483777523040771,
    2.8141069412231445,
    0.4705140292644501,
    0.8488326668739319
  ],
  "critic_loss_T": [
    86,
    2087,
    4088,
    6097,
    8098
  ],
  "entropy_loss": [
    2.759643316268921,
    2.5323102474212646,
    2.6858060359954834,
    2.7310256958007812,
    2.7146172523498535
  ],
  "entropy_loss_T": [
    86,
    2087,
    4088,
    6097,
    8098
  ],
  "ep_length_mean": [
    1.375,
    1.3324468085106382,
    1.3454301075268817,
    1.299222797927461,
    1.3234126984126984
  ],
  "ep_length_mean_T": [
    11,
    2015,
    4017,
    6023,
    8024
  ],
  "episode": [
    1504,
    3000,
    4544,
    6056
  ],
  "episode_T": [
    2006,
    4017,
    6023,
    8024
  ],
  "epsilon": [
    1.0,
    0.97994,
    0.95997,
    0.93985,
    0.91988
  ],
  "epsilon_T": [
    11,
    2015,
    4017,
    6023,
    8024
  ],
  "grad_norm": [
    2.7732838331823464,
    0.6522179351881768,
    0.9103108494321216,
    0.3364968274516413,
    0.17927868897939553
  ],
  "grad_norm_T": [
    86,
    2087,
    4088,
    6097,
    8098
  ],
  "lr": [
    0.0005,
    0.0005,
    0.0005,
    0.0005,
    0.0005
  ],
  "lr_T": [
    86,
    2087,
    4088,
    6097,
    8098
  ],
  "return_mean": [
    -26.5,
    -27.144281914893618,
    -28.0497311827957,
    -27.594559585492227,
    -27.857142857142858
  ],
  "return_mean_T": [
    11,
    2015,
    4017,
    6023,
    8024
  ],
  "return_std": [
    39.72404813208241,
    35.72078566428397,
    36.37792888009371,
    36.0849978363237,
    36.30812383457729
  ],
  "return_std_T": [
    11,
    2015,
    4017,
    6023,
    8024
  ],
  "target_mean": [
    -0.8683098194211029,
    -1.0887557983398437,
    -1.8465019674862133,
    -0.43809960528117853,
    -0.7529927630757176
  ],
  "target_mean_T": [
    86,
    2087,
    4088,
    6097,
    8098
  ],
  "test_ep_length_mean": [
    1.0,
    1.0,
    1.0,
    1.0,
    1.0
  ],
  "test_ep_length_mean_T": [
    11,
    2015,
    4017,
    6023,
    8024
  ],
  "test_return_mean": [
    -40.0,
    -28.5,
    -16.625,
    -17.875,
    -23.5
  ],
  "test_return_mean_T": [
    11,
    2015,
    4017,
    6023,
    8024
  ],
  "test_return_std": [
    0.0,
    29.047375096555626,
    29.679275176459413,
    29.836795655700026,
    29.895651857753496
  ],
  "test_return_std_T": [
    11,
    2015,
    4017,
    6023,
    8024
  ]
}