{
  "agent_norm": [
    3.919820331849688,
    3.8300670236918495,
    4.664554340893684,
    6.975053037986152,
    8.578424639053498,
    14.949960114095166,
    18.980569766340366,
    22.460345605880022,
    50.4593145245935,
    58.21230194285637,
    129.12960622520941,
    124.40894154509016,
    163.94685728157108
  ],
  "agent_norm_T": [
    12797,
    15197,
    17597,
    19997,
    22397,
    24797,
    27197,
    29597,
    31997,
    34380,
    36744,
    39144,
    41519
  ],
  "central_loss": [
    4453.1533203125,
    4471.98681640625,
    4302.44140625,
    4345.87109375,
    3867.8076171875,
    3682.756591796875,
    3015.2373046875,
    2252.3017578125,
    2057.076904296875,
    1993.56201171875,
    2727.924072265625,
    2756.183349609375,
    2688.713623046875
  ],
  "central_loss_T": [
    12797,
    15197,
    17597,
    19997,
    22397,
    24797,
    27197,
    29597,
    31997,
    34380,
    36744,
    39144,
    41519
  ],
  "ep_length_mean": [
    100.0,
    100.0,
    99.875,
    100.0,
    100.0,
    100.0,
    100.0,
    100.0,
    100.0,
    100.0,
    100.0,
    100.0,
    100.0,
    100.0,
    99.29166666666667,
    98.5,
    100.0,
    98.95833333333333
  ],
  "ep_length_mean_T": [
    800,
    3200,
    5597,
    7997,
    10397,
    12797,
    15197,
    17597,
    19997,
    22397,
    24797,
    27197,
    29597,
    31997,
    34380,
    36744,
    39144,
    41519
  ],
  "episode": [
    24,
    48,
    72,
    96,
    120,
    144,
    168,
    192,
    216,
    240,
    264,
    288,
    312,
    336,
    360,
    384,
    408
  ],
  "episode_T": [
    2400,
    4800,
    7197,
    9597,
    11997,
    14397,
    16797,
    19197,
    21597,
    23997,
    26397,
    28797,
    31197,
    33580,
    35980,
    38344,
    40731
  ],
  "epsilon": [
    1.0,
    0.9772,
    0.9544,
    0.9316285,
    0.9088285,
    0.8860285,
    0.8632285,
    0.8404285,
    0.8176285000000001,
    0.7948285,
    0.7720285,
    0.7492285000000001,
    0.7264285,
    0.7036285,
    0.68099,
    0.65819,
    0.635732,
    0.6130555
  ],
  "epsilon_T": [
    800,
    3200,
    5597,
    7997,
    10397,
    12797,
    15197,
    17597,
    19997,
    22397,
    24797,
    27197,
    29597,
    31997,
    34380,
    36744,
    39144,
    41519
  ],
  "grad_norm": [
    356.074620107197,
    385.574651977708,
    497.90471583199985,
    755.2850042888994,
    1165.974697989032,
    1653.524351106128,
    2133.1528914823207,
    2165.4300443276097,
    1184.1792725824698,
    1471.8863494703826,
    3692.2469743679208,
    3578.035162949301,
    2104.7932364204185
  ],
  "grad_norm_T": [
    12797,
    15197,
    17597,
    19997,
    22397,
    24797,
    27197,
    29597,
    31997,
    34380,
    36744,
    39144,
    41519
  ],
  "loss": [
    7328.6259765625,
    7447.439453125,
    7157.69091796875,
    7565.705078125,
    6608.04296875,
    6796.580078125,
    5769.8857421875,
    4702.83056640625,
    5079.490234375,
    4904.66796875,
    6535.3251953125,
    6635.7724609375,
    6834.671875
  ],
  "loss_T": [
    12797,
    15197,
    17597,
    19997,
    22397,
    24797,
    27197,
    29597,
    31997,
    34380,
    36744,
    39144,
    41519
  ],
  "mixer_norm": [
    42.21442402820765,
    38.82157847527496,
    39.640082007990834,
    34.24573838014736,
    36.547489460969636,
    38.95912673162826,
    41.11866477372037,
    36.95899178223388,
    44.882059046228484,
    33.00888433638086,
    75.90369869197046,
    75.10662097512845,
    68.38557868822816
  ],
  "mixer_norm_T": [
    12797,
    15197,
    17597,
    19997,
    22397,
    24797,
    27197,
    29597,
    31997,
    34380,
    36744,
    39144,
    41519
  ],
  "q_taken_mean": [
    1.5844001218547317,
    0.2955800836194518,
    -0.8603382842414238,
    -2.0042751413905604,
    -3.186239013671875,
    -4.201243760744706,
    -5.043187612331015,
    -6.276036376953125,
    -7.378242797851563,
    -8.366481323242187,
    -10.029566187127859,
    -10.326063240370283,
    -9.377467202095925
  ],
  "q_taken_mean_T": [
    12797,
    15197,
    17597,
    19997,
    22397,
    24797,
    27197,
    29597,
    31997,
    34380,
    36744,
    39144,
    41519
  ],
  "qmix_loss": [
    2875.472900390625,
    2975.452880859375,
    2855.24951171875,
    3219.834228515625,
    2740.235595703125,
    3113.823486328125,
    2754.648681640625,
    2450.52880859375,
    3022.4130859375,
    2911.105712890625,
    3807.4013671875,
    3879.5888671875,
    4145.9580078125
  ],
  "qmix_loss_T": [
    12797,
    15197,
    17597,
    19997,
    22397,
    24797,
    27197,
    29597,
    31997,
    34380,
    36744,
    39144,
    41519
  ],
  "return_mean": [
    -2821.25,
    -2943.0416666666665,
    -2862.9583333333335,
    -2907.7083333333335,
    -3038.0833333333335,
    -3096.5,
    -3090.5416666666665,
    -2986.4583333333335,
    -3098.875,
    -3279.5416666666665,
    -3232.5833333333335,
    -3069.1666666666665,
    -2993.2083333333335,
    -2859.8333333333335,
    -2880.75,
    -3019.9166666666665,
    -3161.625,
    -2899.75
  ],
  "return_mean_T": [
    800,
    3200,
    5597,
    7997,
    10397,
    12797,
    15197,
    17597,
    19997,
    22397,
    24797,
    27197,
    29597,
    31997,
    34380,
    36744,
    39144,
    41519
  ],
  "return_std": [
    209.82835246934576,
    326.0465814326058,
    499.4811040108413,
    245.16397219797383,
    348.9191545170441,
    322.19947237697335,
    315.3248297611352,
    386.03173219813016,
    457.4085803469367,
    300.45465259151655,
    219.88916084144657,
    305.41742837558496,
    505.30592871766527,
    447.3580470073409,
    743.0410626831692,
    732.6693727202074,
    280.19082968874386,
    802.8928555542141
  ],
  "return_std_T": [
    800,
    3200,
    5597,
    7997,
    10397,
    12797,
    15197,
    17597,
    19997,
    22397,
    24797,
    27197,
    29597,
    31997,
    34380,
    36744,
    39144,
    41519
  ],
  "target_mean": [
    -72.00815132452918,
    -72.1337129796046,
    -72.3598499648355,
    -72.5646245213722,
    -73.478486328125,
    -73.57339610846292,
    -74.63733687583027,
    -73.5406884765625,
    -73.7129931640625,
    -73.85025390625,
    -73.95753192572862,
    -73.50229465756648,
    -73.21494034068608
  ],
  "target_mean_T": [
    12797,
    15197,
    17597,
    19997,
    22397,
    24797,
    27197,
    29597,
    31997,
    34380,
    36744,
    39144,
    41519
  ],
  "td_error_abs": [
    85.09225795108229,
    84.34449480346956,
    82.73458623114793,
    82.41654293975151,
    81.57537109375,
    80.99630772837384,
    80.53454911307338,
    78.651884765625,
    77.531845703125,
    76.9437548828125,
    76.57252330774052,
    76.19459480662117,
    77.6100900777141
  ],
  "td_error_abs_T": [
    12797,
    15197,
    17597,
    19997,
    22397,
    24797,
    27197,
    29597,
    31997,
    34380,
    36744,
    39144,
    41519
  ],
  "test_ep_length_mean": [
    100.0,
    100.0,
    100.0,
    100.0,
    100.0,
    100.0,
    100.0,
    100.0,
    100.0,
    100.0,
    100.0,
    100.0,
    100.0,
    100.0,
    100.0,
    100.0,
    100.0,
    100.0
  ],
  "test_ep_length_mean_T": [
    800,
    3200,
    5597,
    7997,
    10397,
    12797,
    15197,
    17597,
    19997,
    22397,
    24797,
    27197,
    29597,
    31997,
    34380,
    36744,
    39144,
    41519
  ],
  "test_return_mean": [
    -5866.666666666667,
    -5191.666666666667,
    -5960.416666666667,
    -5762.5,
    -5641.666666666667,
    -4650.0,
    -2508.3333333333335,
    -4979.916666666667,
    -4886.666666666667,
    -4917.083333333333,
    -4211.666666666667,
    -3957.2083333333335,
    -3512.4166666666665,
    -3192.625,
    -3959.1666666666665,
    -3916.6666666666665,
    -3979.1666666666665,
    -3916.6666666666665
  ],