{
  "ep_length_mean": [
    1.25,
    1.3331117021276595,
    1.3164473684210527,
    1.2979274611398963,
    1.3079427083333333,
    1.3072916666666667,
    1.2925257731958764,
    1.2715736040609138,
    1.2755102040816326,
    1.2638888888888888,
    1.2626262626262625,
    1.255625,
    1.2512437810945274,
    1.2261029411764706,
    1.225609756097561,
    1.2172330097087378,
    1.2632575757575757,
    1.3474462365591398,
    1.4530346820809248,
    1.499251497005988,
    1.5731132075471699,
    1.625,
    1.609775641025641,
    1.658112582781457,
    1.6666666666666667,
    1.6708333333333334,
    1.6951013513513513,
    1.711734693877551
  ],
  "ep_length_mean_T": [
    10,
    2015,
    4016,
    6020,
    8029,
    10037,
    12043,
    14047,
    16047,
    18049,
    20049,
    22058,
    24070,
    26071,
    28081,
    30087,
    32088,
    34093,
    36104,
    38107,
    40108,
    42110,
    44119,
    46122,
    48122,
    50127,
    52134,
    54147
  ],
  "episode": [
    1504,
    3024,
    4568,
    6096,
    7632,
    9184,
    10760,
    12336,
    13928,
    15512,
    17112,
    18720,
    20352,
    21992,
    23640,
    25224,
    26712,
    28096,
    29432,
    30704,
    31936,
    33184,
    34392,
    35592,
    36792,
    37976,
    39152
  ],
  "episode_T": [
    2004,
    4006,
    6010,
    8010,
    10015,
    12022,
    14025,
    16037,
    18049,
    20049,
    22058,
    24070,
    26071,
    28081,
    30087,
    32088,
    34093,
    36104,
    38107,
    40108,
    42110,
    44119,
    46122,
    48122,
    50127,
    52134,
    54147
  ],
  "epsilon": [
    1.0,
    0.980962,
    0.961943,
    0.942905,
    0.9238195,
    0.9047435,
    0.8856865,
    0.8666485,
    0.8476485,
    0.8286865,
    0.809658,
    0.7905725,
    0.7714965,
    0.7524205,
    0.7333350000000001,
    0.7142685,
    0.6952400000000001,
    0.6761925,
    0.6571450000000001,
    0.6381640000000001,
    0.6191070000000001,
    0.6000785000000001,
    0.5810025000000001,
    0.5619645,
    0.5429835000000001,
    0.523879,
    0.5048600000000001,
    0.4857365
  ],
  "epsilon_T": [
    10,
    2015,
    4016,
    6020,
    8029,
    10037,
    12043,
    14047,
    16047,
    18049,
    20049,
    22058,
    24070,
    26071,
    28081,
    30087,
    32088,
    34093,
    36104,
    38107,
    40108,
    42110,
    44119,
    46122,
    48122,
    50127,
    52134,
    54147
  ],
  "grad_norm": [
    71.90245992119854,
    180.62563640713844,
    83.93980083757945,
    48.39289195258668,
    160.13240755207784,
    95.68870547092777,
    212.7510099331253,
    66.16765331556569,
    206.97994588536963,
    151.49463144524992,
    53.093208916059076,
    166.39726754875204,
    82.1203044889806,
    40.12856496870872,
    95.5929613893353,
    255.5198662862129,
    172.09436277975172,
    206.43267655225208,
    224.04115175833442,
    223.5194023491922,
    172.57489858135725,
    314.88959832868954,
    220.49754306213723,
    79.17104812026597,
    147.12809900222695,
    119.15613065652231,
    148.19498351416505,
    104.11758484113828
  ],
  "grad_norm_T": [
    174,
    2180,
    4180,
    6186,
    8187,
    10195,
    12201,
    14202,
    16205,
    18206,
    20212,
    22223,
    24225,
    26225,
    28227,
    30232,
    32241,
    34245,
    36247,
    38251,
    40256,
    42263,
    44272,
    46275,
    48283,
    50289,
    52298,
    54300
  ],
  "hit_prob": [
    0.07471264153718948,
    0.053892213851213455,
    0.0833333358168602,
    0.05263157933950424,
    0.09259258955717087,
    0.04545454680919647,
    0.0714285746216774,
    0.0892857164144516,
    0.04878048598766327,
    0.10062892735004425,
    0.11585365980863571,
    0.06081081181764603,
    0.05844155699014664,
    0.11176470667123795,
    0.10062892735004425,
    0.0833333358168602,
    0.08609271794557571,
    0.12883435189723969,
    0.17751479148864746,
    0.14141413569450378,
    0.2513369023799896,
    0.19402985274791718,
    0.2070707082748413,
    0.33990147709846497,
    0.23999999463558197,
    0.29223743081092834,
    0.34418603777885437,
    0.46889951825141907
  ],
  "hit_prob_T": [
    174,
    2180,
    4180,
    6186,
    8187,
    10195,
    12201,
    14202,
    16205,
    18206,
    20212,
    22223,
    24225,
    26225,
    28227,
    30232,
    32241,
    34245,
    36247,
    38251,
    40256,
    42263,
    44272,
    46275,
    48283,
    50289,
    52298,
    54300
  ],
  "loss": [
    940.5587158203125,
    469.9070129394531,
    341.76849365234375,
    287.0035400390625,
    250.89154052734375,
    310.5140075683594,
    282.352783203125,
    285.54486083984375,
    265.8641357421875,
    266.3922119140625,
    240.1556854248047,
    204.9408416748047,
    173.46136474609375,
    238.2253875732422,
    218.5398712158203,
    278.3663330078125,
    229.5170440673828,
    229.07846069335938,
    247.32867431640625,
    125.86637878417969,
    129.17601013183594,
    137.95718383789062,
    106.38664245605469,
    108.35860443115234,
    152.05442810058594,
    131.92800903320312,
    126.1441421508789,
    57.689945220947266
  ],
  "loss_T": [
    174,
    2180,
    4180,
    6186,
    8187,
    10195,
    12201,
    14202,
    16205,
    18206,
    20212,
    22223,
    24225,
    26225,
    28227,
    30232,
    32241,
    34245,
    36247,
    38251,
    40256,
    42263,
    44272,
    46275,
    48283,
    50289,
    52298,
    54300
  ],
  "q_taken_mean": [
    0.3254815024891119,
    -23.398079329622007,
    -23.184195382254465,
    -22.493214032803362,
    -27.507716049382715,
    -21.937563809481535,
    -40.03480747767857,
    -24.287365141369047,
    -23.671190215320124,
    -24.03379428311714,
    -19.183669671779725,
    -37.93899123733108,
    -27.023259943181817,
    -20.230181525735293,
    -22.89135588639937,
    -26.422256860977566,
    -25.18033099648179,
    -21.766616540452453,
    -17.41599540033284,
    -18.002887764362374,
    -15.210680303726605,
    -16.567018423507463,
    -14.395256273674242,
    -10.277464016317735,
    -11.2327685546875,
    -8.99142107680508,
    -5.912525549600291,
    -3.285173187985945
  ],
  "q_taken_mean_T": [
    174,
    2180,
    4180,
    6186,
    8187,
    10195,
    12201,
    14202,
    16205,
    18206,
    20212,
    22223,
    24225,
    26225,
    28227,
    30232,
    32241,
    34245,
    36247,
    38251,
    40256,
    42263,
    44272,
    46275,
    48283,
    50289,
    52298,
    54300
  ],
  "return_mean": [
    -33.75,
    -25.997340425531913,
    -27.15657894736842,
    -27.96502590673575,
    -29.152994791666668,
    -25.065755208333332,
    -26.53479381443299,
    -26.48794416243655,
    -25.128188775510203,
    -26.740530303030305,
    -24.71212121212121,
    -25.915625,
    -24.46952736318408,
    -25.01593137254902,
    -25.495731707317074,
    -25.354368932038835,
    -24.325757575757574,
    -25.282258064516128,
    -22.11849710982659,
    -20.601796407185628,
    -20.662735849056602,
    -18.0762987012987,
    -17.296474358974358,
    -17.857615894039736,
    -16.886666666666667,
    -17.258333333333333,
    -13.988175675675675,
    -13.466836734693878
  ],
  "return_mean_T": [
    10,
    2015,
    4016,
    6020,
    8029,
    10037,
    12043,
    14047,
    16047,
    18049,
    20049,
    22058,
    24070,
    26071,
    28081,
    30087,
    32088,
    34093,
    36104,
    38107,
    40108,
    42110,
    44119,
    46122,
    48122,
    50127,
    52134,
    54147
  ],