{
  "actor_loss": [
    0.9486544132232666,
    1.0890218019485474,
    0.6781302094459534,
    0.6141229867935181,
    0.6465593576431274
  ],
  "actor_loss_T": [
    92,
    2094,
    4100,
    6116,
    8123
  ],
  "advantage_mean": [
    -1.0786850141442341,
    -1.266287362703713,
    -0.7345950548038926,
    -0.6824706057284741,
    -0.7410556379571018
  ],
  "advantage_mean_T": [
    92,
    2094,
    4100,
    6116,
    8123
  ],
  "critic_loss": [
    1.707802653312683,
    1.0604251623153687,
    0.5563743710517883,
    4.122442722320557,
    5.554621696472168
  ],
  "critic_loss_T": [
    92,
    2094,
    4100,
    6116,
    8123
  ],
  "entropy_loss": [
    2.760598659515381,
    2.649914264678955,
    2.676380157470703,
    2.6933658123016357,
    2.6430890560150146
  ],
  "entropy_loss_T": [
    92,
    2094,
    4100,
    6116,
    8123
  ],
  "ep_length_mean": [
    1.375,
    1.3287037037037037,
    1.3351063829787233,
    1.3247354497354498,
    1.3297872340425532
  ],
  "ep_length_mean_T": [
    11,
    2020,
    4028,
    6031,
    8031
  ],
  "episode": [
    1504,
    3008,
    4512,
    6024
  ],
  "episode_T": [
    2001,
    4003,
    6003,
    8012
  ],
  "epsilon": [
    1.0,
    0.9799,
    0.95986,
    0.93978,
    0.91979
  ],
  "epsilon_T": [
    11,
    2020,
    4028,
    6031,
    8031
  ],
  "grad_norm": [
    3.752759635527437,
    0.6714752283118949,
    0.37471798398964973,
    2.2542228162648756,
    1.3750265940882584
  ],
  "grad_norm_T": [
    92,
    2094,
    4100,
    6116,
    8123
  ],
  "lr": [
    0.0005,
    0.0005,
    0.0005,
    0.0005,
    0.0005
  ],
  "lr_T": [
    92,
    2094,
    4100,
    6116,
    8123
  ],
  "return_mean": [
    -52.375,
    -27.68915343915344,
    -29.257978723404257,
    -27.474206349206348,
    -27.9906914893617
  ],
  "return_mean_T": [
    11,
    2020,
    4028,
    6031,
    8031
  ],
  "return_std": [
    36.183343889143245,
    35.670986073158716,
    35.1906462753406,
    35.144646250665325,
    35.50629129974388
  ],
  "return_std_T": [
    11,
    2020,
    4028,
    6031,
    8031
  ],
  "target_mean": [
    -1.0800904813020125,
    -1.3209844609742523,
    -0.33992181822311046,
    -1.8648694626828457,
    -1.9483695891966302
  ],
  "target_mean_T": [
    92,
    2094,
    4100,
    6116,
    8123
  ],
  "test_ep_length_mean": [
    1.0,
    1.0,
    1.0,
    1.0,
    1.0
  ],
  "test_ep_length_mean_T": [
    11,
    2020,
    4028,
    6031,
    8031
  ],
  "test_return_mean": [
    -22.875,
    -38.75,
    -17.25,
    -19.75,
    -24.75
  ],
  "test_return_mean_T": [
    11,
    2020,
    4028,
    6031,
    8031
  ],
  "test_return_std": [
    29.94134891750871,
    59.98697775350914,
    29.764702249476645,
    29.973947020704497,
    29.764702249476645
  ],
  "test_return_std_T": [
    11,
    2020,
    4028,
    6031,
    8031
  ]
}