{
  "actor_loss": [
    0.7438098788261414,
    0.5012502670288086,
    0.5252543687820435,
    1.0759419202804565,
    0.5319983959197998,
    0.9176462292671204,
    0.9246416687965393,
    -0.6911011338233948
  ],
  "actor_loss_T": [
    84,
    2092,
    4101,
    6109,
    8116,
    10123,
    12127,
    14128
  ],
  "advantage_mean": [
    -0.8684263683500744,
    -0.6140404677972561,
    -0.6801740712132948,
    -1.313225502191588,
    -0.6352676220154494,
    -1.0525725971568713,
    -1.0218269262420998,
    0.5883963448660714
  ],
  "advantage_mean_T": [
    84,
    2092,
    4101,
    6109,
    8116,
    10123,
    12127,
    14128
  ],
  "critic_loss": [
    1.1775610446929932,
    0.7836882472038269,
    0.9372459650039673,
    0.7355865240097046,
    0.6672093868255615,
    1.6722689867019653,
    1.2975547313690186,
    0.4251048266887665
  ],
  "critic_loss_T": [
    84,
    2092,
    4101,
    6109,
    8116,
    10123,
    12127,
    14128
  ],
  "entropy_loss": [
    2.759511709213257,
    2.676414728164673,
    2.589219808578491,
    2.5088307857513428,
    2.713029384613037,
    2.6051347255706787,
    2.6950998306274414,
    2.730679750442505
  ],
  "entropy_loss_T": [
    84,
    2092,
    4101,
    6109,
    8116,
    10123,
    12127,
    14128
  ],
  "ep_length_mean": [
    1.125,
    1.3164473684210527,
    1.3171052631578948,
    1.3260582010582012,
    1.3287037037037037,
    1.3280423280423281,
    1.3357712765957446,
    1.3324468085106382
  ],
  "ep_length_mean_T": [
    9,
    2010,
    4012,
    6017,
    8026,
    10034,
    12043,
    14047
  ],
  "episode": [
    1528,
    3048,
    4560,
    6072,
    7584,
    9088,
    10592
  ],
  "episode_T": [
    2010,
    4012,
    6017,
    8026,
    10034,
    12043,
    14047
  ],
  "epsilon": [
    1.0,
    0.9810285,
    0.9619905,
    0.9429145,
    0.923867,
    0.9047625,
    0.8856865,
    0.866639
  ],
  "epsilon_T": [
    9,
    2010,
    4012,
    6017,
    8026,
    10034,
    12043,
    14047
  ],
  "grad_norm": [
    2.6477420091230996,
    0.5971696352784848,
    0.8784664982831876,
    0.5829872189270704,
    0.7421166551745809,
    0.4628483162901218,
    0.46392100351223886,
    0.2008894099382699
  ],
  "grad_norm_T": [
    84,
    2092,
    4101,
    6109,
    8116,
    10123,
    12127,
    14128
  ],
  "lr": [
    0.0005,
    0.0005,
    0.0005,
    0.0005,
    0.0005,
    0.0005,
    0.0005,
    0.0005
  ],
  "lr_T": [
    84,
    2092,
    4101,
    6109,
    8116,
    10123,
    12127,
    14128
  ],
  "return_mean": [
    -26.0,
    -29.799342105263158,
    -27.888157894736842,
    -27.439814814814813,
    -27.70304232804233,
    -28.769179894179896,
    -28.23936170212766,
    -27.35505319148936
  ],
  "return_mean_T": [
    9,
    2010,
    4012,
    6017,
    8026,
    10034,
    12043,
    14047
  ],
  "return_std": [
    38.21975928757271,
    36.52835775968865,
    36.09168685119251,
    36.25160572203698,
    35.348806753444855,
    35.40934512355106,
    34.92609817364558,
    35.23702418481768
  ],
  "return_std_T": [
    9,
    2010,
    4012,
    6017,
    8026,
    10034,
    12043,
    14047
  ],
  "target_mean": [
    -0.8701321738106864,
    -0.7316631224097275,
    -0.8519154691148079,
    -0.9051311404206032,
    -0.5921831452444698,
    -1.2874558188698508,
    -1.0905676852451283,
    -0.07351249513171967
  ],
  "target_mean_T": [
    84,
    2092,
    4101,
    6109,
    8116,
    10123,
    12127,
    14128
  ],
  "test_ep_length_mean": [
    1.0,
    1.0,
    1.0,
    1.0,
    1.0,
    1.0,
    1.0,
    1.0
  ],
  "test_ep_length_mean_T": [
    9,
    2010,
    4012,
    6017,
    8026,
    10034,
    12043,
    14047
  ],
  "test_return_mean": [
    -20.375,
    -21.625,
    -19.75,
    -22.25,
    -42.5,
    -17.875,
    -22.875,
    -22.875
  ],
  "test_return_mean_T": [
    9,
    2010,
    4012,
    6017,
    8026,
    10034,
    12043,
    14047
  ],
  "test_return_std": [
    29.99348887675457,
    29.99348887675457,
    29.973947020704497,
    29.973947020704497,
    59.94789404140899,
    29.836795655700026,
    29.94134891750871,
    29.94134891750871
  ],
  "test_return_std_T": [
    9,
    2010,
    4012,
    6017,
    8026,
    10034,
    12043,
    14047
  ]
}