{
  "critic_loss": [
    4051.264892578125
  ],
  "critic_loss_T": [
    3200
  ],
  "ep_length_mean": [
    100.0,
    100.0
  ],
  "ep_length_mean_T": [
    800,
    3200
  ],
  "episode": [
    24
  ],
  "episode_T": [
    2400
  ],
  "epsilon": [
    0.0,
    0.0
  ],
  "epsilon_T": [
    800,
    3200
  ],
  "return_mean": [
    -2804.375,
    -2989.375
  ],
  "return_mean_T": [
    800,
    3200
  ],
  "return_std": [
    324.1403775758275,
    251.96970924101174
  ],
  "return_std_T": [
    800,
    3200
  ],
  "test_ep_length_mean": [
    100.0
  ],
  "test_ep_length_mean_T": [
    800
  ],
  "test_return_mean": [
    -2752.9166666666665
  ],
  "test_return_mean_T": [
    800
  ],
  "test_return_std": [
    830.0726833971964
  ],
  "test_return_std_T": [
    800
  ]
}