{
  "actor_loss": [
    0.3979259133338928,
    0.9709574580192566,
    0.6483173966407776,
    0.7863538861274719,
    1.2449567317962646,
    0.6475642323493958,
    0.9679740071296692,
    0.7253383994102478,
    0.7019116878509521,
    0.8040791153907776,
    0.7211129069328308,
    0.8438954949378967,
    0.549178957939148,
    0.4163174033164978,
    0.3550868034362793,
    0.6545455455780029,
    0.8369362354278564,
    0.7737725377082825,
    0.5919498801231384,
    0.7350281476974487
  ],
  "actor_loss_T": [
    82,
    2093,
    4095,
    6097,
    8106,
    10117,
    12118,
    14120,
    16131,
    18131,
    20134,
    22138,
    24144,
    26149,
    28156,
    30157,
    32164,
    34165,
    36168,
    38171
  ],
  "advantage_mean": [
    -0.49497422939393576,
    -0.9829639387719425,
    -0.8165327862995427,
    -0.8629778598217254,
    -1.3396632496903582,
    -0.7124544779459635,
    -0.9879848843529111,
    -0.8607468879085848,
    -0.7851717718716326,
    -0.8616349425496934,
    -0.816912238980517,
    -0.9491541144553195,
    -0.6567780827901449,
    -0.5039038952486015,
    -0.42681236267089845,
    -0.7391117640904018,
    -0.9103171853458181,
    -0.8022133963448661,
    -0.6611037196883236,
    -0.8240107094369283
  ],
  "advantage_mean_T": [
    82,
    2093,
    4095,
    6097,
    8106,
    10117,
    12118,
    14120,
    16131,
    18131,
    20134,
    22138,
    24144,
    26149,
    28156,
    30157,
    32164,
    34165,
    36168,
    38171
  ],
  "critic_loss": [
    1.0077271461486816,
    0.8171858787536621,
    1.0166882276535034,
    0.7434380054473877,
    0.8112397789955139,
    0.7688060998916626,
    0.8780913352966309,
    1.9572057723999023,
    0.967496395111084,
    1.1832352876663208,
    1.9363377094268799,
    1.6308839321136475,
    0.2939085066318512,
    6.9879374504089355,
    1.521963357925415,
    5.452396392822266,
    1.502909779548645,
    0.9062963128089905,
    1.1449404954910278,
    3.1252903938293457
  ],
  "critic_loss_T": [
    82,
    2093,
    4095,
    6097,
    8106,
    10117,
    12118,
    14120,
    16131,
    18131,
    20134,
    22138,
    24144,
    26149,
    28156,
    30157,
    32164,
    34165,
    36168,
    38171
  ],
  "entropy_loss": [
    2.7587392330169678,
    2.728577136993408,
    2.5647823810577393,
    2.7341198921203613,
    2.617295742034912,
    2.693509817123413,
    2.7304134368896484,
    2.600184202194214,
    2.727494955062866,
    2.719029664993286,
    2.712709426879883,
    2.689814805984497,
    2.5896055698394775,
    2.689859390258789,
    2.668640375137329,
    2.7295114994049072,
    2.6651341915130615,
    2.698387861251831,
    2.7157068252563477,
    2.6851072311401367
  ],
  "entropy_loss_T": [
    82,
    2093,
    4095,
    6097,
    8106,
    10117,
    12118,
    14120,
    16131,
    18131,
    20134,
    22138,
    24144,
    26149,
    28156,
    30157,
    32164,
    34165,
    36168,
    38171
  ],
  "ep_length_mean": [
    1.125,
    1.338903743315508,
    1.3095549738219896,
    1.3227513227513228,
    1.3442513368983957,
    1.342914438502674,
    1.3304521276595744,
    1.2799744897959184,
    1.3533783783783784,
    1.3210526315789475,
    1.3164473684210527,
    1.3079427083333333,
    1.2884615384615385,
    1.2918814432989691,
    1.2799744897959184,
    1.3121727748691099,
    1.288659793814433,
    1.2820512820512822,
    1.278061224489796,
    1.3134816753926701
  ],
  "ep_length_mean_T": [
    9,
    2012,
    4013,
    6013,
    8024,
    10033,
    12034,
    14041,
    16044,
    18052,
    20053,
    22062,
    24072,
    26077,
    28084,
    30089,
    32089,
    34089,
    36093,
    38100
  ],
  "episode": [
    1496,
    3024,
    4544,
    6040,
    7536,
    9040,
    10608,
    12088,
    13608,
    15128,
    16664,
    18224,
    19776,
    21344,
    22872,
    24424,
    25984,
    27552,
    29080
  ],
  "episode_T": [
    2002,
    4004,
    6013,
    8024,
    10033,
    12034,
    14041,
    16044,
    18052,
    20053,
    22062,
    24072,
    26077,
    28084,
    30089,
    32089,
    34089,
    36093,
    38100
  ],
  "epsilon": [
    1.0,
    0.97998,
    0.95996,
    0.93997,
    0.91988,
    0.89978,
    0.87976,
    0.8596699999999999,
    0.83966,
    0.81959,
    0.79956,
    0.7795099999999999,
    0.75939,
    0.73932,
    0.71924,
    0.69922,
    0.67921,
    0.6591899999999999,
    0.63915,
    0.61911
  ],
  "epsilon_T": [
    9,
    2012,
    4013,
    6013,
    8024,
    10033,
    12034,
    14041,
    16044,
    18052,
    20053,
    22062,
    24072,
    26077,
    28084,
    30089,
    32089,
    34089,
    36093,
    38100
  ],
  "grad_norm": [
    1.7339936134787879,
    1.1857902092341979,
    0.7176290653455302,
    0.2616534915667889,
    0.35948806443488507,
    0.38174114906406864,
    0.19876774259816107,
    0.3959700921383787,
    0.17072110338545146,
    0.2228948072867513,
    0.19051302594331804,
    0.46801869829775117,
    0.220793229756546,
    3.393710735148572,
    0.3906590095952522,
    0.8720328764773734,
    0.2268841719425069,
    0.759974545585632,
    0.2226097984066471,
    0.5567597065835425
  ],
  "grad_norm_T": [
    82,
    2093,
    4095,
    6097,
    8106,
    10117,
    12118,
    14120,
    16131,
    18131,
    20134,
    22138,
    24144,
    26149,
    28156,
    30157,
    32164,
    34165,
    36168,
    38171
  ],
  "lr": [
    0.0005,
    0.0005,
    0.0005,
    0.0005,
    0.0005,
    0.0005,
    0.0005,
    0.0005,
    0.0005,
    0.0005,
    0.0005,
    0.0005,
    0.0005,
    0.0005,
    0.0005,
    0.0005,
    0.0005,
    0.0005,
    0.0005,
    0.0005
  ],
  "lr_T": [
    82,
    2093,
    4095,
    6097,
    8106,
    10117,
    12118,
    14120,
    16131,
    18131,
    20134,
    22138,
    24144,
    26149,
    28156,
    30157,
    32164,
    34165,
    36168,
    38171
  ],
  "return_mean": [
    -29.375,
    -27.53475935828877,
    -28.8717277486911,
    -29.476190476190474,
    -28.37433155080214,
    -28.219919786096256,
    -27.549202127659573,
    -28.67219387755102,
    -26.852027027027027,
    -28.938815789473683,
    -27.061842105263157,
    -27.869140625,
    -27.033333333333335,
    -27.897551546391753,
    -26.510204081632654,
    -26.516361256544503,
    -28.168170103092784,
    -29.852564102564102,
    -26.352678571428573,
    -24.396596858638745
  ],
  "return_mean_T": [
    9,
    2012,
    4013,
    6013,
    8024,
    10033,
    12034,
    14041,
    16044,
    18052,
    20053,
    22062,
    24072,
    26077,
    28084,
    30089,
    32089,
    34089,
    36093,
    38100
  ],
  "return_std": [
    47.67582589740843,
    35.721536970736814,
    35.33433117864423,
    35.34011935861535,
    35.35882124062449,
    36.07453519912818,
    35.89038756514292,
    35.82884757644724,
    35.75109707179777,
    36.28073388493161,
    35.77670319276904,
    35.739806760561926,
    35.603445046024675,
    35.88883099073253,
    35.75460078800169,
    34.90334063963887,
    35.791268333484894,
    35.73058097067974,
    35.339569665628154,
    35.451903691192996
  ],
  "return_std_T": [
    9,
    2012,
    4013,
    6013,
    8024,
    10033,
    12034,
    14041,
    16044,
    18052,
    20053,
    22062,
    24072,
    26077,
    28084,
    30089,
    32089,
    34089,
    36093,
    38100
  ],
  "target_mean": [
    -0.4962642483594941,
    -0.7985432000807774,
    -1.1505575412657203,
    -0.5835657728479263,
    -0.6115415619640816,
    -0.4560888381231399,
    -0.4883662632533482,
    -1.5690255000673492,
    -0.7517165260753412,
    -0.6742513149599486,
    -0.9856787787543403,
    -0.9307567296403177,
    -0.41727098212184677,
    -3.5722460334683643,
    -1.2194784164428711,
    -2.4801104199755324,
    -0.8607263004078585,
    -0.37437834058489117,
    -0.6048944772007954,
    -1.3251237636659203
  ],