{
  "ep_length_mean": [
    1471.75,
    1195.25,
    1427.75,
    1442.25,
    1065.5,
    1399.75,
    1500.0,
    1408.25,
    1500.0,
    1500.0,
    1500.0,
    1500.0,
    1500.0,
    1500.0,
    1500.0,
    1500.0
  ],
  "ep_length_mean_T": [
    5887,
    10668,
    16379,
    22148,
    26410,
    32009,
    38009,
    43642,
    49642,
    55642,
    61642,
    67642,
    73642,
    79642,
    85642,
    91642
  ],
  "episode": [
    4,
    8,
    12,
    16,
    20,
    24,
    28,
    32,
    36,
    40,
    44,
    48,
    52,
    56,
    60
  ],
  "episode_T": [
    5887,
    10668,
    16379,
    22148,
    26410,
    32009,
    38009,
    43642,
    49642,
    55642,
    61642,
    67642,
    73642,
    79642,
    85642
  ],
  "epsilon": [
    1.0,
    0.9440735,
    0.8986540000000001,
    0.8443995,
    0.789594,
    0.749105,
    0.6959145,
    0.6389145,
    0.5854010000000001,
    0.5284010000000001,
    0.47140100000000007,
    0.414401,
    0.3574010000000001,
    0.30040100000000014,
    0.2434010000000001,
    0.18640100000000015
  ],
  "epsilon_T": [
    5887,
    10668,
    16379,
    22148,
    26410,
    32009,
    38009,
    43642,
    49642,
    55642,
    61642,
    67642,
    73642,
    79642,
    85642,
    91642
  ],
  "return_mean": [
    -3972.25,
    -3033.25,
    -4411.75,
    -5630.25,
    -2793.75,
    -5204.0,
    -7519.0,
    -5462.75,
    -7293.25,
    -7679.25,
    -7892.75,
    -7983.5,
    -10177.25,
    -10039.75,
    -9386.5,
    -9818.75
  ],
  "return_mean_T": [
    5887,
    10668,
    16379,
    22148,
    26410,
    32009,
    38009,
    43642,
    49642,
    55642,
    61642,
    67642,
    73642,
    79642,
    85642,
    91642
  ],
  "return_std": [
    488.8749200971553,
    2487.3252074266443,
    1631.854370800287,
    1254.4688866209476,
    1858.8885624211043,
    843.3620219099269,
    1457.4002538767447,
    1104.7285582893203,
    1417.2392837837936,
    1745.7203921304235,
    2383.802673775663,
    2129.4356646773813,
    1720.97899101064,
    2543.6492854754956,
    3300.0162499599905,
    3623.3848384487123
  ],
  "return_std_T": [
    5887,
    10668,
    16379,
    22148,
    26410,
    32009,
    38009,
    43642,
    49642,
    55642,
    61642,
    67642,
    73642,
    79642,
    85642,
    91642
  ],
  "test_ep_length_mean": [
    1500.0,
    1500.0,
    1500.0,
    1500.0
  ],
  "test_ep_length_mean_T": [
    5887,
    26410,
    49642,
    73642
  ],
  "test_return_mean": [
    -13107.625,
    -12543.833333333334,
    -12603.833333333334,
    -12616.666666666666
  ],
  "test_return_mean_T": [
    5887,
    26410,
    49642,
    73642
  ],
  "test_return_std": [
    3204.8107434046187,
    4198.030725497638,
    3864.700502266925,
    4128.682221834091
  ],
  "test_return_std_T": [
    5887,
    26410,
    49642,
    73642
  ]
}