{
  "agent_norm": [
    4.411889708020028,
    49.23167875793342,
    283.03220368932534,
    746.9210953198032,
    253.62913425453047,
    355.4762405508325,
    856.3460599184115,
    541.4858289215273,
    388.11985118594197,
    917.7717284807594,
    654.0491872635927,
    1372.9436699132525
  ],
  "agent_norm_T": [
    3840,
    6000,
    8160,
    10320,
    12480,
    14640,
    16800,
    18960,
    21120,
    23280,
    25440,
    27600
  ],
  "central_loss": [
    3359.806884765625,
    3279.735595703125,
    1383.8953857421875,
    1393.1204833984375,
    968.2235717773438,
    1339.6663818359375,
    1861.171875,
    1801.445068359375,
    1255.8013916015625,
    1313.5648193359375,
    1630.8656005859375,
    3055.354736328125
  ],
  "central_loss_T": [
    3840,
    6000,
    8160,
    10320,
    12480,
    14640,
    16800,
    18960,
    21120,
    23280,
    25440,
    27600
  ],
  "ep_length_mean": [
    30.0,
    30.0,
    30.0,
    30.0,
    30.0,
    30.0,
    30.0,
    30.0,
    30.0,
    30.0,
    30.0,
    30.0,
    30.0,
    30.0
  ],
  "ep_length_mean_T": [
    240,
    2400,
    4560,
    6720,
    8880,
    11040,
    13200,
    15360,
    17520,
    19680,
    21840,
    24000,
    26160,
    28320
  ],
  "episode": [
    72,
    144,
    216,
    288,
    360,
    432,
    504,
    576,
    648,
    720,
    792,
    864,
    936
  ],
  "episode_T": [
    2160,
    4320,
    6480,
    8640,
    10800,
    12960,
    15120,
    17280,
    19440,
    21600,
    23760,
    25920,
    28080
  ],
  "epsilon": [
    1.0,
    0.97948,
    0.95896,
    0.93844,
    0.9179200000000001,
    0.8974,
    0.87688,
    0.85636,
    0.83584,
    0.81532,
    0.7948000000000001,
    0.7742800000000001,
    0.75376,
    0.7332400000000001
  ],
  "epsilon_T": [
    240,
    2400,
    4560,
    6720,
    8880,
    11040,
    13200,
    15360,
    17520,
    19680,
    21840,
    24000,
    26160,
    28320
  ],
  "grad_norm": [
    397.55096827606576,
    488.1767874102201,
    621.5536569386425,
    1603.9955116928309,
    766.8955621199797,
    874.1918955671094,
    1059.9434301864876,
    908.8374251634674,
    574.5215829626183,
    1066.19112098044,
    710.3226203822006,
    1522.1967309744764
  ],
  "grad_norm_T": [
    3840,
    6000,
    8160,
    10320,
    12480,
    14640,
    16800,
    18960,
    21120,
    23280,
    25440,
    27600
  ],
  "loss": [
    4801.41064453125,
    4960.75439453125,
    3125.361572265625,
    3539.0673828125,
    2261.710693359375,
    3185.05712890625,
    4430.2822265625,
    4369.01806640625,
    2844.59228515625,
    3055.540771484375,
    3311.3212890625,
    5549.005859375
  ],
  "loss_T": [
    3840,
    6000,
    8160,
    10320,
    12480,
    14640,
    16800,
    18960,
    21120,
    23280,
    25440,
    27600
  ],
  "mixer_norm": [
    156.069201159441,
    114.72123143680453,
    84.63427239440753,
    611.3805935450105,
    111.60545785291363,
    111.71055199736537,
    187.1100701666979,
    157.12052201531773,
    152.4268284479573,
    344.6960898025795,
    218.92780516634184,
    390.57666864323767
  ],
  "mixer_norm_T": [
    3840,
    6000,
    8160,
    10320,
    12480,
    14640,
    16800,
    18960,
    21120,
    23280,
    25440,
    27600
  ],
  "q_taken_mean": [
    -0.5240833918253581,
    -11.473895263671874,
    -30.581099446614584,
    -42.879435221354164,
    -29.423087565104165,
    -29.804134114583334,
    -28.293650309244793,
    -23.27186279296875,
    -21.510260009765624,
    -25.128531901041665,
    -25.40549519856771,
    -11.62276611328125
  ],
  "q_taken_mean_T": [
    3840,
    6000,
    8160,
    10320,
    12480,
    14640,
    16800,
    18960,
    21120,
    23280,
    25440,
    27600
  ],
  "qmix_loss": [
    1441.6038818359375,
    1681.018798828125,
    1741.4661865234375,
    2145.947021484375,
    1293.487060546875,
    1845.390625,
    2569.110595703125,
    2567.572998046875,
    1588.791015625,
    1741.9759521484375,
    1680.4556884765625,
    2493.651123046875
  ],
  "qmix_loss_T": [
    3840,
    6000,
    8160,
    10320,
    12480,
    14640,
    16800,
    18960,
    21120,
    23280,
    25440,
    27600
  ],
  "return_mean": [
    -958.375,
    -891.6944444444445,
    -881.0833333333334,
    -844.6944444444445,
    -884.5138888888889,
    -886.4444444444445,
    -1005.3611111111111,
    -933.7083333333334,
    -951.8888888888889,
    -927.8055555555555,
    -968.6111111111111,
    -946.4861111111111,
    -941.7222222222222,
    -957.1111111111111
  ],
  "return_mean_T": [
    240,
    2400,
    4560,
    6720,
    8880,
    11040,
    13200,
    15360,
    17520,
    19680,
    21840,
    24000,
    26160,
    28320
  ],
  "return_std": [
    56.65010481014135,
    177.43658013255273,
    202.49051761063336,
    240.07525665512614,
    214.00629488765793,
    260.39125950133456,
    199.6770521475139,
    240.88733174914412,
    297.9531355560037,
    306.80339519384256,
    280.82975049918076,
    265.4793355138523,
    286.5496962047975,
    335.9519044428316
  ],
  "return_std_T": [
    240,
    2400,
    4560,
    6720,
    8880,
    11040,
    13200,
    15360,
    17520,
    19680,
    21840,
    24000,
    26160,
    28320
  ],
  "target_mean": [
    -70.12969563802083,
    -67.79119466145833,
    -68.322802734375,
    -67.77738444010417,
    -70.97161458333333,
    -70.05266927083333,
    -68.9416748046875,
    -70.99989420572916,
    -72.731396484375,
    -74.49033203125,
    -72.91513671875,
    -67.28607584635417
  ],
  "target_mean_T": [
    3840,
    6000,
    8160,
    10320,
    12480,
    14640,
    16800,
    18960,
    21120,
    23280,
    25440,
    27600
  ],
  "td_error_abs": [
    75.23197428385417,
    63.7536376953125,
    47.649235026041666,
    42.15234375,
    48.899800618489586,
    49.796016438802084,
    53.08149820963542,
    58.51271158854167,
    59.190450032552086,
    57.972269694010414,
    57.283984375,
    70.20147298177083
  ],
  "td_error_abs_T": [
    3840,
    6000,
    8160,
    10320,
    12480,
    14640,
    16800,
    18960,
    21120,
    23280,
    25440,
    27600
  ],
  "test_ep_length_mean": [
    30.0,
    30.0,
    30.0,
    30.0,
    30.0,
    30.0,
    30.0,
    30.0,
    30.0,
    30.0,
    30.0,
    30.0,
    30.0,
    30.0
  ],
  "test_ep_length_mean_T": [
    240,
    2400,
    4560,
    6720,
    8880,
    11040,
    13200,
    15360,
    17520,
    19680,
    21840,
    24000,
    26160,
    28320
  ],
  "test_return_mean": [
    -300.0,
    -300.0,
    -330.0,
    -959.0,
    -949.0,
    -1800.0,
    -1530.0,
    -1800.0,
    -1790.0,
    -1680.0,
    -1750.0,
    -1790.0,
    -1800.0,
    -1800.0
  ],
  "test_return_mean_T": [
    240,
    2400,
    4560,
    6720,
    8880,
    11040,
    13200,
    15360,
    17520,
    19680,
    21840,
    24000,
    26160,
    28320
  ],
  "test_return_std": [
    0.0,
    0.0,
    0.0,
    0.0,
    0.0,
    0.0,
    0.0,
    0.0,
    0.0,
    0.0,
    0.0,
    0.0,
    0.0,
    0.0
  ],
  "test_return_std_T": [
    240,
    2400,
    4560,
    6720,
    8880,
    11040,
    13200,
    15360,
    17520,
    19680,
    21840,
    24000,
    26160,
    28320
  ],
  "w_to_use": [
    0.11382823437452316,
    0.12179699540138245,
    0.16515642404556274,
    0.33132800459861755,
    0.14828142523765564,
    0.16351579129695892,
    0.17781271040439606,
    0.15296892821788788,
    0.1405470371246338,
    0.1986720710992813,
    0.19843770563602448,
    0.19140644371509552
  ],
  "w_to_use_T": [
    3840,
    6000,
    8160,
    10320,
    12480,
    14640,
    16800,
    18960,
    21120,
    23280,
    25440,
    27600
  ]
}