{
  "ep_length_mean": [
    2.0,
    1.3331117021276595,
    1.2884615384615385,
    1.3234126984126984,
    1.285897435897436,
    1.2820512820512822,
    1.2846153846153847,
    1.25375,
    1.2696700507614214,
    1.273477157360406,
    1.2696700507614214,
    1.2664141414141414,
    1.2925257731958764,
    1.227328431372549,
    1.2261029411764706,
    1.2160194174757282,
    1.227328431372549,
    1.2073317307692308,
    1.1827830188679245,
    1.1922619047619047,
    1.188388625592417,
    1.1728971962616823,
    1.1579861111111112
  ],
  "ep_length_mean_T": [
    16,
    2021,
    4031,
    6032,
    8038,
    10038,
    12042,
    14048,
    16049,
    18056,
    20057,
    22063,
    24069,
    26072,
    28073,
    30077,
    32080,
    34089,
    36095,
    38098,
    40104,
    42112,
    44113
  ],
  "episode": [
    1496,
    3056,
    4568,
    6128,
    7696,
    9256,
    10856,
    12432,
    14008,
    15584,
    17168,
    18720,
    20352,
    21984,
    23632,
    25272,
    26936,
    28632,
    30312,
    32000,
    33712,
    35440
  ],
  "episode_T": [
    2003,
    4006,
    6016,
    8017,
    10028,
    12033,
    14040,
    16041,
    18047,
    20049,
    22052,
    24058,
    26064,
    28064,
    30069,
    32080,
    34089,
    36095,
    38098,
    40104,
    42112,
    44113
  ],
  "epsilon": [
    1.0,
    0.9808955,
    0.961829,
    0.942772,
    0.9237435,
    0.904734,
    0.8856865,
    0.8666200000000001,
    0.8476105,
    0.8285535,
    0.8095345,
    0.790506,
    0.771449,
    0.7523920000000001,
    0.733392,
    0.7143445,
    0.695354,
    0.676259,
    0.6571830000000001,
    0.6381640000000001,
    0.6191165000000001,
    0.600031,
    0.5810500000000001
  ],
  "epsilon_T": [
    16,
    2021,
    4031,
    6032,
    8038,
    10038,
    12042,
    14048,
    16049,
    18056,
    20057,
    22063,
    24069,
    26072,
    28073,
    30077,
    32080,
    34089,
    36095,
    38098,
    40104,
    42112,
    44113
  ],
  "grad_norm": [
    8.845592186923739,
    55.82633181814064,
    53.9270957825,
    75.44766656489583,
    30.74479189000059,
    47.63266411615404,
    24.44989361446114,
    37.94604706244112,
    88.97827930393763,
    38.92494862919743,
    36.26679190803244,
    36.43037015376351,
    31.495881476711627,
    27.0402859020451,
    39.664818791057534,
    22.17534732514939,
    36.487695020681265,
    32.71948660802993,
    29.960474897966854,
    32.39182356536032,
    40.484083198677304,
    46.00782699524551,
    34.38943578277748
  ],
  "grad_norm_T": [
    50,
    2058,
    4067,
    6068,
    8074,
    10078,
    12078,
    14079,
    16087,
    18096,
    20097,
    22103,
    24104,
    26107,
    28109,
    30116,
    32118,
    34123,
    36123,
    38125,
    40130,
    42137,
    44141
  ],
  "loss_td": [
    507.6126708984375,
    692.5081176757812,
    579.8930053710938,
    866.9375610351562,
    355.5904235839844,
    486.3705749511719,
    391.1112976074219,
    356.073974609375,
    697.4862060546875,
    394.4681091308594,
    494.2462463378906,
    489.50543212890625,
    384.6661376953125,
    371.15399169921875,
    514.658203125,
    388.66937255859375,
    581.26806640625,
    521.5147705078125,
    325.5828857421875,
    507.6796875,
    423.0666809082031,
    503.8960266113281,
    513.6766357421875
  ],
  "loss_td_T": [
    50,
    2058,
    4067,
    6068,
    8074,
    10078,
    12078,
    14079,
    16087,
    18096,
    20097,
    22103,
    24104,
    26107,
    28109,
    30116,
    32118,
    34123,
    36123,
    38125,
    40130,
    42137,
    44141
  ],
  "q_taken_mean": [
    -0.03899226903915405,
    -3.4317098764272838,
    -9.575560070219494,
    -13.421565755208333,
    -16.16620676141036,
    -19.095516807154606,
    -20.19875601835029,
    -21.644711056271113,
    -23.734073215060764,
    -24.044466145833333,
    -24.19578142863948,
    -22.95096941692073,
    -24.64183654785156,
    -23.518049760298297,
    -24.92606375558036,
    -25.257085755813954,
    -23.298458426339284,
    -25.105132231841218,
    -21.118175417877907,
    -22.87376644736842,
    -22.904592413651315,
    -23.36384984066612,
    -24.291244969223484
  ],
  "q_taken_mean_T": [
    50,
    2058,
    4067,
    6068,
    8074,
    10078,
    12078,
    14079,
    16087,
    18096,
    20097,
    22103,
    24104,
    26107,
    28109,
    30116,
    32118,
    34123,
    36123,
    38125,
    40130,
    42137,
    44141
  ],
  "return_mean": [
    -23.625,
    -26.814494680851062,
    -28.127564102564104,
    -26.42063492063492,
    -27.52820512820513,
    -26.27179487179487,
    -28.559615384615384,
    -26.884375,
    -27.151649746192895,
    -26.375634517766496,
    -26.19796954314721,
    -27.693181818181817,
    -25.637242268041238,
    -25.5,
    -26.033088235294116,
    -24.384101941747574,
    -24.393995098039216,
    -24.12920673076923,
    -26.246462264150942,
    -25.05,
    -24.57405213270142,
    -23.505841121495326,
    -24.97222222222222
  ],
  "return_mean_T": [
    16,
    2021,
    4031,
    6032,
    8038,
    10038,
    12042,
    14048,
    16049,
    18056,
    20057,
    22063,
    24069,
    26072,
    28073,
    30077,
    32080,
    34089,
    36095,
    38098,
    40104,
    42112,
    44113
  ],
  "return_std": [
    33.12452829852827,
    35.56348500127824,
    35.67741523946162,
    35.41147465388887,
    35.39166169158007,
    34.8814912989679,
    36.25959162025209,
    35.192591633174374,
    35.62445792365801,
    34.70988924498921,
    34.870411234076236,
    34.85370658342245,
    34.55283910669366,
    34.89797805817724,
    34.78672954198926,
    33.87057626572262,
    33.638483712708755,
    33.51233287402095,
    33.38129294405027,
    33.39578494931587,
    33.346066576015666,
    32.93366262816206,
    32.82635877228715
  ],
  "return_std_T": [
    16,
    2021,
    4031,
    6032,
    8038,
    10038,
    12042,
    14048,
    16049,
    18056,
    20057,
    22063,
    24069,
    26072,
    28073,
    30077,
    32080,
    34089,
    36095,
    38098,
    40104,
    42112,
    44113
  ],
  "target_mean": [
    -15.37367431640625,
    -20.881438426482372,
    -24.334786551339285,
    -33.9880126953125,
    -21.588280928762334,
    -27.093338815789473,
    -26.504843068677324,
    -13.845671782622466,
    -43.95921495225694,
    -22.112540690104165,
    -21.015029535060975,
    -26.543245641196645,
    -23.166531372070313,
    -19.504703868519176,
    -26.755357142857143,
    -25.249046148255815,
    -17.42470179966518,
    -21.59857177734375,
    -25.108639739280523,
    -22.80477584035773,
    -15.142040051912007,
    -33.418100457442435,
    -29.571344549005683
  ],
  "target_mean_T": [
    50,
    2058,
    4067,
    6068,
    8074,
    10078,
    12078,
    14079,
    16087,
    18096,
    20097,
    22103,
    24104,
    26107,
    28109,
    30116,
    32118,
    34123,
    36123,
    38125,
    40130,
    42137,
    44141
  ],
  "td_error_abs": [
    22.6815478515625,
    28.933756510416668,
    26.658409481956845,
    30.63224826388889,
    23.68280029296875,
    25.543813605057565,
    22.24950320221657,
    22.405284984691722,
    29.744649251302082,
    20.86821017795139,
    24.155097775342988,
    25.557212271341463,
    21.636383056640625,
    20.984911831942473,
    26.75599365234375,
    20.327587038971657,
    30.673148018973215,
    26.75102275126689,
    21.662089503088662,
    27.59012965152138,
    25.22776392886513,
    27.026097347861842,
    28.40047940340909
  ],
  "td_error_abs_T": [
    50,
    2058,
    4067,
    6068,
    8074,
    10078,
    12078,
    14079,
    16087,
    18096,
    20097,
    22103,
    24104,
    26107,
    28109,
    30116,
    32118,
    34123,
    36123,
    38125,
    40130,
    42137,
    44141
  ],