{
  "actor_loss": [
    0.737899661064148,
    0.576048731803894
  ],
  "actor_loss_T": [
    337,
    2340
  ],
  "advantage_mean": [
    -0.8794376361971439,
    -0.6843222788701658
  ],
  "advantage_mean_T": [
    337,
    2340
  ],
  "critic_loss": [
    1.630455732345581,
    1.1134114265441895
  ],
  "critic_loss_T": [
    337,
    2340
  ],
  "entropy_loss": [
    2.693319797515869,
    2.6220943927764893
  ],
  "entropy_loss_T": [
    337,
    2340
  ],
  "ep_length_mean": [
    1.5,
    1.3079427083333333
  ],
  "ep_length_mean_T": [
    12,
    2021
  ],
  "episode": [
    1536
  ],
  "episode_T": [
    2010
  ],
  "epsilon": [
    1.0,
    0.980905
  ],
  "epsilon_T": [
    12,
    2021
  ],
  "grad_norm": [
    2.9221076051677475,
    0.10335800250746356
  ],
  "grad_norm_T": [
    337,
    2340
  ],
  "lr": [
    0.005,
    0.005
  ],
  "lr_T": [
    337,
    2340
  ],
  "return_mean": [
    -31.5,
    -28.886067708333332
  ],
  "return_mean_T": [
    12,
    2021
  ],
  "return_std": [
    24.171263930543642,
    36.12690181925258
  ],
  "return_std_T": [
    12,
    2021
  ],
  "target_mean": [
    -0.8797803929722273,
    -1.0341846096900202
  ],
  "target_mean_T": [
    337,
    2340
  ],
  "test_ep_length_mean": [
    1.0,
    1.0
  ],
  "test_ep_length_mean_T": [
    12,
    2021
  ],
  "test_return_mean": [
    -16.0,
    -23.5
  ],
  "test_return_mean_T": [
    12,
    2021
  ],
  "test_return_std": [
    29.58039891549808,
    29.895651857753496
  ],
  "test_return_std_T": [
    12,
    2021
  ]
}