{
  "agent_norm": [
    3.630395318213986,
    25.532909531102295,
    44.811789705234844,
    67.29000423622908,
    70.6739007989516,
    58.16203248216689,
    44.67612556505176,
    37.87661761558034,
    23.341799976258983,
    23.47217646525222,
    53.26873170112607
  ],
  "agent_norm_T": [
    167,
    2169,
    4172,
    6176,
    8177,
    10181,
    12189,
    14195,
    16203,
    18210,
    20211
  ],
  "central_loss": [
    823.2957763671875,
    65.95329284667969,
    44.12226867675781,
    45.20531463623047,
    59.43661117553711,
    39.76887130737305,
    47.407779693603516,
    70.62688446044922,
    63.904415130615234,
    48.10763168334961,
    44.51927947998047
  ],
  "central_loss_T": [
    167,
    2169,
    4172,
    6176,
    8177,
    10181,
    12189,
    14195,
    16203,
    18210,
    20211
  ],
  "ep_length_mean": [
    1.25,
    1.3375668449197862,
    1.3102094240837696,
    1.3108638743455496,
    1.288659793814433,
    1.2793367346938775,
    1.2703045685279188,
    1.2651515151515151,
    1.2172330097087378,
    1.2083333333333333,
    1.225
  ],
  "ep_length_mean_T": [
    10,
    2011,
    4013,
    6016,
    8016,
    10022,
    12024,
    14028,
    16034,
    18035,
    20044
  ],
  "episode": [
    1496,
    3024,
    4560,
    6112,
    7680,
    9256,
    10840,
    12488,
    14144,
    15784
  ],
  "episode_T": [
    2000,
    4003,
    6016,
    8016,
    10022,
    12024,
    14028,
    16034,
    18035,
    20044
  ],
  "epsilon": [
    1.0,
    0.981,
    0.9619715,
    0.942981,
    0.9239525,
    0.904886,
    0.8858575,
    0.8668100000000001,
    0.847772,
    0.8287530000000001,
    0.809677
  ],
  "epsilon_T": [
    10,
    2011,
    4013,
    6016,
    8016,
    10022,
    12024,
    14028,
    16034,
    18035,
    20044
  ],
  "grad_norm": [
    188.99234481336364,
    193.96860551517233,
    107.03280769143893,
    89.84954945587234,
    148.4816370609766,
    111.81742138665807,
    106.92549155644325,
    77.60866865289476,
    68.36667354204046,
    107.42699953126527,
    127.1041363793214
  ],
  "grad_norm_T": [
    167,
    2169,
    4172,
    6176,
    8177,
    10181,
    12189,
    14195,
    16203,
    18210,
    20211
  ],
  "loss": [
    1017.8684692382812,
    243.95428466796875,
    195.8779754638672,
    177.85415649414062,
    203.17361450195312,
    194.01393127441406,
    218.18276977539062,
    242.67959594726562,
    235.18096923828125,
    181.5802001953125,
    197.68243408203125
  ],
  "loss_T": [
    167,
    2169,
    4172,
    6176,
    8177,
    10181,
    12189,
    14195,
    16203,
    18210,
    20211
  ],
  "mixer_norm": [
    12.746587419268069,
    74.72061597215493,
    61.557074763939575,
    34.64170515612797,
    32.177455557815364,
    28.293309563927433,
    20.94596653946462,
    16.79081937362309,
    22.152488092737055,
    15.696582236501042,
    26.341948731054142
  ],
  "mixer_norm_T": [
    167,
    2169,
    4172,
    6176,
    8177,
    10181,
    12189,
    14195,
    16203,
    18210,
    20211
  ],
  "q_taken_mean": [
    0.3056560676254912,
    -2.3706710640041306,
    -3.791219452281057,
    -3.685828072684152,
    -2.6599185719209557,
    -4.032317928009969,
    -1.4743742912046371,
    -3.4797398269556132,
    -3.6419706972773205,
    -3.7623233070856408,
    -3.534267893145161
  ],
  "q_taken_mean_T": [
    167,
    2169,
    4172,
    6176,
    8177,
    10181,
    12189,
    14195,
    16203,
    18210,
    20211
  ],
  "qmix_loss": [
    194.5726776123047,
    178.00099182128906,
    151.75570678710938,
    132.64883422851562,
    143.73699951171875,
    154.24505615234375,
    170.77499389648438,
    172.05270385742188,
    171.27655029296875,
    133.47256469726562,
    153.1631622314453
  ],
  "qmix_loss_T": [
    167,
    2169,
    4172,
    6176,
    8177,
    10181,
    12189,
    14195,
    16203,
    18210,
    20211
  ],
  "return_mean": [
    -11.25,
    -28.16042780748663,
    -28.771596858638745,
    -27.600785340314136,
    -29.038659793814432,
    -25.959183673469386,
    -28.16751269035533,
    -28.27462121212121,
    -28.62014563106796,
    -28.80374396135266,
    -29.590853658536584
  ],
  "return_mean_T": [
    10,
    2011,
    4013,
    6016,
    8016,
    10022,
    12024,
    14028,
    16034,
    18035,
    20044
  ],
  "return_std": [
    28.9169068193678,
    35.8836084281901,
    36.10937507255797,
    36.20517158701255,
    36.08382352042715,
    36.68094814036938,
    37.26264797920872,
    36.70574312201496,
    36.89532072283594,
    37.20767881492136,
    37.58212521740399
  ],
  "return_std_T": [
    10,
    2011,
    4013,
    6016,
    8016,
    10022,
    12024,
    14028,
    16034,
    18035,
    20044
  ],
  "target_mean": [
    -14.292591574663174,
    -14.600824465696839,
    -14.246777946566358,
    -13.861185709635416,
    -13.301805204503676,
    -15.798188566430214,
    -12.523991147933467,
    -14.107676900875797,
    -15.277568885666168,
    -12.289713799198971,
    -14.483960748487902
  ],
  "target_mean_T": [
    167,
    2169,
    4172,
    6176,
    8177,
    10181,
    12189,
    14195,
    16203,
    18210,
    20211
  ],
  "td_error_abs": [
    34.38925371912425,
    28.736796762751435,
    24.931720498167437,
    23.827052525111608,
    25.407378791360294,
    26.491121069785276,
    26.121194556451613,
    25.75167166351513,
    26.507841738398202,
    22.299152615704113,
    25.681552419354837
  ],
  "td_error_abs_T": [
    167,
    2169,
    4172,
    6176,
    8177,
    10181,
    12189,
    14195,
    16203,
    18210,
    20211
  ],
  "test_ep_length_mean": [
    1.0,
    1.0
  ],
  "test_ep_length_mean_T": [
    10,
    20013
  ],
  "test_return_mean": [
    -35.0,
    -60.0
  ],
  "test_return_mean_T": [
    10,
    20013
  ],
  "test_return_std": [
    59.79130371550699,
    56.568542494923804
  ],
  "test_return_std_T": [
    10,
    20013
  ],
  "w_to_use": [
    0.22304682433605194,
    0.3373047113418579,
    0.2814062237739563,
    0.2715624272823334,
    0.3999999761581421,
    0.2828124463558197,
    0.4140624701976776,
    0.34257811307907104,
    0.3179687261581421,
    0.3566405773162842,
    0.46562495827674866
  ],
  "w_to_use_T": [
    167,
    2169,
    4172,
    6176,
    8177,
    10181,
    12189,
    14195,
    16203,
    18210,
    20211
  ]
}