{
  "actor_loss": [
    -0.045090850442647934,
    -0.04909520223736763,
    -0.12494229525327682,
    -0.030641162768006325,
    -0.0402260459959507,
    -0.13955026865005493,
    -0.13542649149894714,
    -0.022014053538441658,
    -0.11028556525707245,
    -0.028206849470734596,
    -0.037882544100284576,
    -0.09592330455780029,
    -0.12055029720067978,
    -0.11226849257946014,
    -0.029039902612566948,
    -0.03298278898000717,
    -0.037313301116228104,
    -0.12371288985013962,
    -0.1189407929778099,
    -0.03548010066151619,
    -0.034241240471601486
  ],
  "actor_loss_T": [
    1920,
    4080,
    6240,
    8400,
    10560,
    12720,
    14880,
    17040,
    19200,
    21360,
    23520,
    25680,
    27840,
    30000,
    32160,
    34320,
    36480,
    38640,
    40800,
    42960,
    45120
  ],
  "advantage_mean": [
    8.742014567057291e-08,
    7.947285970052083e-09,
    2.7318795522054035e-08,
    -9.934107462565104e-09,
    -5.960464477539063e-09,
    -9.934107462565104e-09,
    -4.271666208902995e-08,
    0.0,
    -1.0927518208821614e-08,
    -1.1920928955078126e-08,
    -1.5894571940104166e-08,
    4.967053731282552e-09,
    6.457169850667318e-09,
    3.973642985026042e-09,
    1.986821492513021e-09,
    -1.986821492513021e-09,
    4.967053731282552e-10,
    8.940696716308593e-09,
    9.437402089436849e-09,
    -7.947285970052083e-09,
    1.4901161193847657e-09
  ],
  "advantage_mean_T": [
    1920,
    4080,
    6240,
    8400,
    10560,
    12720,
    14880,
    17040,
    19200,
    21360,
    23520,
    25680,
    27840,
    30000,
    32160,
    34320,
    36480,
    38640,
    40800,
    42960,
    45120
  ],
  "critic_loss": [
    0.4918777346611023,
    0.13259002566337585,
    0.00529357697814703,
    0.10666925460100174,
    0.13711240887641907,
    0.0033061003778129816,
    0.004309386480599642,
    0.7543660998344421,
    0.002569791628047824,
    0.4813503324985504,
    0.4525107741355896,
    0.008672026917338371,
    0.0032877179328352213,
    0.0014623194001615047,
    0.08571548759937286,
    0.2958920896053314,
    0.07538233697414398,
    0.0013550767907872796,
    0.0009058912401087582,
    0.08417287468910217,
    0.08809185028076172
  ],
  "critic_loss_T": [
    1920,
    4080,
    6240,
    8400,
    10560,
    12720,
    14880,
    17040,
    19200,
    21360,
    23520,
    25680,
    27840,
    30000,
    32160,
    34320,
    36480,
    38640,
    40800,
    42960,
    45120
  ],
  "entropy_loss": [
    6.255807876586914,
    6.213039875030518,
    6.108631610870361,
    5.873228073120117,
    5.799647808074951,
    5.511439323425293,
    5.2111358642578125,
    5.108922958374023,
    4.9345855712890625,
    4.971240520477295,
    5.128661155700684,
    4.911585330963135,
    4.626445293426514,
    4.321816921234131,
    4.197973251342773,
    4.35144567489624,
    4.552072525024414,
    4.214702129364014,
    3.9200563430786133,
    4.2011213302612305,
    4.149236679077148
  ],
  "entropy_loss_T": [
    1920,
    4080,
    6240,
    8400,
    10560,
    12720,
    14880,
    17040,
    19200,
    21360,
    23520,
    25680,
    27840,
    30000,
    32160,
    34320,
    36480,
    38640,
    40800,
    42960,
    45120
  ],
  "ep_length_mean": [
    30.0,
    30.0,
    30.0,
    30.0,
    30.0,
    30.0,
    30.0,
    30.0,
    30.0,
    30.0,
    30.0,
    30.0,
    30.0,
    30.0,
    30.0,
    30.0,
    30.0,
    30.0,
    30.0,
    30.0,
    30.0,
    30.0
  ],
  "ep_length_mean_T": [
    240,
    2400,
    4560,
    6720,
    8880,
    11040,
    13200,
    15360,
    17520,
    19680,
    21840,
    24000,
    26160,
    28320,
    30480,
    32640,
    34800,
    36960,
    39120,
    41280,
    43440,
    45600
  ],
  "episode": [
    72,
    144,
    216,
    288,
    360,
    432,
    504,
    576,
    648,
    720,
    792,
    864,
    936,
    1008,
    1080,
    1152,
    1224,
    1296,
    1368,
    1440,
    1512
  ],
  "episode_T": [
    2160,
    4320,
    6480,
    8640,
    10800,
    12960,
    15120,
    17280,
    19440,
    21600,
    23760,
    25920,
    28080,
    30240,
    32400,
    34560,
    36720,
    38880,
    41040,
    43200,
    45360
  ],
  "epsilon": [
    0.0,
    0.0,
    0.0,
    0.0,
    0.0,
    0.0,
    0.0,
    0.0,
    0.0,
    0.0,
    0.0,
    0.0,
    0.0,
    0.0,
    0.0,
    0.0,
    0.0,
    0.0,
    0.0,
    0.0,
    0.0,
    0.0
  ],
  "epsilon_T": [
    240,
    2400,
    4560,
    6720,
    8880,
    11040,
    13200,
    15360,
    17520,
    19680,
    21840,
    24000,
    26160,
    28320,
    30480,
    32640,
    34800,
    36960,
    39120,
    41280,
    43440,
    45600
  ],
  "grad_norm": [
    0.1699945173013437,
    0.24131638870772842,
    0.13672408934894528,
    0.1821403964731828,
    0.5123445639576305,
    0.24212610878038487,
    0.3644838063233202,
    0.3627485636114386,
    0.5026399127557931,
    0.8512058803867902,
    4.112436098937348,
    0.46944130254706173,
    0.7560775060160992,
    0.7904752032959603,
    0.20214677214228974,
    0.423639094951845,
    0.22393984603931194,
    0.5510600904473532,
    0.47253538110636556,
    0.7021390656916281,
    0.28184774377420535
  ],
  "grad_norm_T": [
    1920,
    4080,
    6240,
    8400,
    10560,
    12720,
    14880,
    17040,
    19200,
    21360,
    23520,
    25680,
    27840,
    30000,
    32160,
    34320,
    36480,
    38640,
    40800,
    42960,
    45120
  ],
  "lr": [
    0.0005,
    0.0005,
    0.0005,
    0.0005,
    0.0005,
    0.0005,
    0.0005,
    0.0005,
    0.0005,
    0.0005,
    0.0005,
    0.0005,
    0.0005,
    0.0005,
    0.0005,
    0.0005,
    0.0005,
    0.0005,
    0.0005,
    0.0005,
    0.0005
  ],
  "lr_T": [
    1920,
    4080,
    6240,
    8400,
    10560,
    12720,
    14880,
    17040,
    19200,
    21360,
    23520,
    25680,
    27840,
    30000,
    32160,
    34320,
    36480,
    38640,
    40800,
    42960,
    45120
  ],
  "return_mean": [
    -133.125,
    -115.63888888888889,
    -111.65277777777777,
    -108.48611111111111,
    -76.33333333333333,
    -62.708333333333336,
    -57.94444444444444,
    -45.47222222222222,
    -18.208333333333332,
    -35.97222222222222,
    -10.291666666666666,
    -16.416666666666668,
    -41.97222222222222,
    -27.416666666666668,
    -20.23611111111111,
    0.041666666666666664,
    -1.5694444444444444,
    -16.208333333333332,
    -27.680555555555557,
    -18.97222222222222,
    -10.430555555555555,
    -16.52777777777778
  ],
  "return_mean_T": [
    240,
    2400,
    4560,
    6720,
    8880,
    11040,
    13200,
    15360,
    17520,
    19680,
    21840,
    24000,
    26160,
    28320,
    30480,
    32640,
    34800,
    36960,
    39120,
    41280,
    43440,
    45600
  ],
  "return_std": [
    26.054929955768447,
    89.68576400651386,
    90.00172216287838,
    18.72089819749543,
    91.74632902132319,
    87.80635852386901,
    15.084842363637827,
    14.39808264841598,
    174.51965326289186,
    13.26437608180295,
    172.16541121678432,
    176.8880491849137,
    19.63413426650286,
    13.767665419783818,
    11.918115361307427,
    122.69739623018357,
    176.10593610956073,
    89.7059916090088,
    17.578258658613937,
    11.895344820351434,
    85.90172459607692,
    93.39357761380691
  ],
  "return_std_T": [
    240,
    2400,
    4560,
    6720,
    8880,
    11040,
    13200,
    15360,
    17520,
    19680,
    21840,
    24000,
    26160,
    28320,
    30480,
    32640,
    34800,
    36960,
    39120,
    41280,
    43440,
    45600
  ],