{
  "ep_length_mean": [
    100.0,
    98.0,
    100.0,
    100.0,
    100.0,
    100.0,
    100.0,
    100.0,
    99.25,
    100.0,
    98.25,
    100.0,
    100.0,
    100.0,
    98.45833333333333,
    100.0,
    100.0,
    100.0,
    97.83333333333333,
    98.66666666666667,
    99.79166666666667,
    96.66666666666667,
    94.25,
    97.58333333333333,
    95.79166666666667,
    93.25,
    93.29166666666667,
    95.75,
    100.0,
    100.0,
    96.79166666666667,
    100.0,
    98.20833333333333,
    87.58333333333333,
    92.66666666666667,
    96.91666666666667,
    93.20833333333333,
    91.20833333333333,
    98.25
  ],
  "ep_length_mean_T": [
    800,
    3152,
    5552,
    7952,
    10352,
    12752,
    15152,
    17552,
    19934,
    22334,
    24692,
    27092,
    29492,
    31892,
    34255,
    36655,
    39055,
    41455,
    43803,
    46171,
    48566,
    50886,
    53148,
    55490,
    57789,
    60027,
    62266,
    64564,
    66964,
    69364,
    71687,
    74087,
    76444,
    78546,
    80770,
    83096,
    85333,
    87522,
    89880
  ],
  "episode": [
    24,
    48,
    72,
    96,
    120,
    144,
    168,
    192,
    216,
    240,
    264,
    288,
    312,
    336,
    360,
    384,
    408,
    432,
    456,
    480,
    504,
    528,
    552,
    576,
    600,
    624,
    648,
    672,
    696,
    720,
    744,
    768,
    792,
    816,
    840,
    864,
    888,
    912
  ],
  "episode_T": [
    2352,
    4752,
    7152,
    9552,
    11952,
    14352,
    16752,
    19134,
    21534,
    23934,
    26292,
    28692,
    31092,
    33492,
    35855,
    38255,
    40655,
    43003,
    45396,
    47771,
    50105,
    52414,
    54690,
    56989,
    59249,
    61548,
    63764,
    66164,
    68564,
    70909,
    73287,
    75644,
    77835,
    79981,
    82296,
    84585,
    86754,
    89090
  ],
  "epsilon": [
    1.0,
    0.9955312,
    0.9909712,
    0.9864112,
    0.9818512,
    0.9772912,
    0.9727312,
    0.9681712,
    0.9636454,
    0.9590854,
    0.9545254,
    0.9500452,
    0.9454852,
    0.9409252,
    0.9363652,
    0.9318755,
    0.9273155,
    0.9227555000000001,
    0.9182943,
    0.9137476,
    0.9092351,
    0.9048005,
    0.9004134,
    0.896089,
    0.8917209,
    0.8874269,
    0.8830588,
    0.8788484,
    0.8742884,
    0.8697284000000001,
    0.8652729,
    0.8607547,
    0.8562764,
    0.8521135,
    0.8480361000000001,
    0.8436376,
    0.8392885,
    0.8351674,
    0.830729
  ],
  "epsilon_T": [
    800,
    3152,
    5552,
    7952,
    10352,
    12752,
    15152,
    17552,
    19934,
    22334,
    24692,
    27092,
    29492,
    31892,
    34255,
    36655,
    39055,
    41455,
    43803,
    46171,
    48566,
    50886,
    53148,
    55490,
    57789,
    60027,
    62266,
    64564,
    66964,
    69364,
    71687,
    74087,
    76444,
    78546,
    80770,
    83096,
    85333,
    87522,
    89880
  ],
  "grad_norm": [
    1173.5852197764382,
    884.0335644621879,
    523.783335091903,
    1587.6453826673403,
    847.0652531072476,
    355.1321096521783,
    412.7098347605834,
    326.75261907809823,
    269.6467780560215,
    252.46429034498522,
    143.93107216689106,
    366.29303193308175,
    239.53241815193385,
    218.1203598989866,
    285.43394929133507,
    259.4953809074072,
    479.7908633060686,
    521.6873517499107,
    724.7734689227683,
    804.9158711785587,
    733.1990973105226,
    1140.7399869603462,
    740.8598320763273,
    1174.0600252210234,
    819.959329363887,
    2243.998456826302,
    882.8561209981491,
    916.1921144800287,
    1502.3053703034952,
    740.349982961696,
    1748.998053572476,
    2973.2773889285027,
    1285.918287504055
  ],
  "grad_norm_T": [
    12752,
    15152,
    17552,
    19934,
    22334,
    24692,
    27092,
    29492,
    31892,
    34255,
    36655,
    39055,
    41455,
    43803,
    46171,
    48566,
    50886,
    53148,
    55490,
    57789,
    60027,
    62266,
    64564,
    66964,
    69364,
    71687,
    74087,
    76444,
    78546,
    80770,
    83096,
    85333,
    87522
  ],
  "loss_td": [
    2219.667236328125,
    2000.1917724609375,
    1496.022216796875,
    2062.734619140625,
    1097.5721435546875,
    1731.418212890625,
    2002.0377197265625,
    1385.74365234375,
    1274.6585693359375,
    1324.36328125,
    1478.1915283203125,
    1899.544189453125,
    1367.7330322265625,
    1538.2879638671875,
    1453.5946044921875,
    1394.31982421875,
    1624.609375,
    1913.239990234375,
    1640.8795166015625,
    1904.8543701171875,
    1963.84130859375,
    2580.9375,
    2582.431640625,
    2188.68896484375,
    1864.2838134765625,
    2281.17138671875,
    1747.0767822265625,
    2362.562255859375,
    1633.9742431640625,
    1957.0902099609375,
    2135.6630859375,
    2776.9052734375,
    2393.19970703125
  ],
  "loss_td_T": [
    12752,
    15152,
    17552,
    19934,
    22334,
    24692,
    27092,
    29492,
    31892,
    34255,
    36655,
    39055,
    41455,
    43803,
    46171,
    48566,
    50886,
    53148,
    55490,
    57789,
    60027,
    62266,
    64564,
    66964,
    69364,
    71687,
    74087,
    76444,
    78546,
    80770,
    83096,
    85333,
    87522
  ],
  "q_taken_mean": [
    0.5100688479625745,
    -6.2169524878450435,
    -16.818677952478044,
    -25.673924140097377,
    -22.95772705078125,
    -16.897919944925256,
    -16.369798642845886,
    -20.209778643795964,
    -20.590525015683813,
    -17.876360080771644,
    -19.31065296310832,
    -19.560368591005748,
    -18.0278455542951,
    -19.391599270458457,
    -19.266352484715473,
    -18.64332274428684,
    -19.29163559654631,
    -19.491723586544534,
    -18.804134554891476,
    -18.26335492253577,
    -18.440631446366233,
    -18.326675644825375,
    -18.334417313819195,
    -19.028929691899283,
    -18.586177761087832,
    -18.22069060496795,
    -17.987751494023904,
    -18.66008266634328,
    -18.868767240345406,
    -18.56894329896907,
    -17.72178854452331,
    -17.433296476069287,
    -18.88227466918331
  ],
  "q_taken_mean_T": [
    12752,
    15152,
    17552,
    19934,
    22334,
    24692,
    27092,
    29492,
    31892,
    34255,
    36655,
    39055,
    41455,
    43803,
    46171,
    48566,
    50886,
    53148,
    55490,
    57789,
    60027,
    62266,
    64564,
    66964,
    69364,
    71687,
    74087,
    76444,
    78546,
    80770,
    83096,
    85333,
    87522
  ],
  "return_mean": [
    -3003.5,
    -2703.625,
    -2805.9583333333335,
    -2879.6666666666665,
    -2865.8333333333335,
    -2864.9166666666665,
    -2697.1666666666665,
    -2789.0833333333335,
    -2495.0833333333335,
    -2764.9583333333335,
    -2724.9583333333335,
    -2765.0833333333335,
    -2799.0416666666665,
    -2708.0,
    -2590.25,
    -2736.5833333333335,
    -2648.5416666666665,
    -2610.5416666666665,
    -2456.5416666666665,
    -2435.375,
    -2668.0,
    -2515.8333333333335,
    -2225.0833333333335,
    -2744.2916666666665,
    -2486.3333333333335,
    -2230.0833333333335,
    -2329.9166666666665,
    -2316.7916666666665,
    -2771.375,
    -2664.3333333333335,
    -2420.2916666666665,
    -2810.9583333333335,
    -2514.4583333333335,
    -1861.375,
    -2026.375,
    -2469.375,
    -2208.375,
    -1988.9583333333333,
    -2370.125
  ],
  "return_mean_T": [
    800,
    3152,
    5552,
    7952,
    10352,
    12752,
    15152,
    17552,
    19934,
    22334,
    24692,
    27092,
    29492,
    31892,
    34255,
    36655,
    39055,
    41455,
    43803,
    46171,
    48566,
    50886,
    53148,
    55490,
    57789,
    60027,
    62266,
    64564,
    66964,
    69364,
    71687,
    74087,
    76444,
    78546,
    80770,
    83096,
    85333,
    87522,
    89880
  ],