{
  "agent_norm": [
    3.4540100327738696
  ],
  "agent_norm_T": [
    3840
  ],
  "central_loss": [
    3468.23486328125
  ],
  "central_loss_T": [
    3840
  ],
  "ep_length_mean": [
    30.0,
    30.0,
    29.958333333333332
  ],
  "ep_length_mean_T": [
    240,
    2400,
    4557
  ],
  "episode": [
    72,
    144
  ],
  "episode_T": [
    2160,
    4317
  ],
  "epsilon": [
    1.0,
    0.97948,
    0.9589885
  ],
  "epsilon_T": [
    240,
    2400,
    4557
  ],
  "grad_norm": [
    342.9814754883033
  ],
  "grad_norm_T": [
    3840
  ],
  "loss": [
    4941.33837890625
  ],
  "loss_T": [
    3840
  ],
  "mixer_norm": [
    168.13644652395803
  ],
  "mixer_norm_T": [
    3840
  ],
  "q_taken_mean": [
    -0.4796756744384766
  ],
  "q_taken_mean_T": [
    3840
  ],
  "qmix_loss": [
    1473.103515625
  ],
  "qmix_loss_T": [
    3840
  ],
  "return_mean": [
    -875.0,
    -901.8333333333334,
    -913.2638888888889
  ],
  "return_mean_T": [
    240,
    2400,
    4557
  ],
  "return_std": [
    199.03768487399566,
    189.95284502563612,
    345.196642552214
  ],
  "return_std_T": [
    240,
    2400,
    4557
  ],
  "target_mean": [
    -72.56832682291666
  ],
  "target_mean_T": [
    3840
  ],
  "td_error_abs": [
    76.864306640625
  ],
  "td_error_abs_T": [
    3840
  ],
  "test_ep_length_mean": [
    30.0,
    30.0,
    30.0
  ],
  "test_ep_length_mean_T": [
    240,
    2400,
    4557
  ],
  "test_return_mean": [
    -900.0,
    -900.0,
    -630.0
  ],
  "test_return_mean_T": [
    240,
    2400,
    4557
  ],
  "test_return_std": [
    0.0,
    0.0,
    0.0
  ],
  "test_return_std_T": [
    240,
    2400,
    4557
  ],
  "w_to_use": [
    0.11078136414289474
  ],
  "w_to_use_T": [
    3840
  ]
}