{
  "agent_norm": [
    4.255742103386623,
    3.5886932879107643,
    5.484021081784825,
    6.3045968365948175,
    10.408491576975157,
    15.264427035594073,
    23.953095144849375,
    33.54911176471347
  ],
  "agent_norm_T": [
    12759,
    15157,
    17557,
    19943,
    22299,
    24569,
    26969,
    29369
  ],
  "central_loss": [
    4570.92578125,
    4210.5205078125,
    4590.61083984375,
    4270.49072265625,
    4626.7314453125,
    4493.3447265625,
    3561.817626953125,
    3060.266845703125
  ],
  "central_loss_T": [
    12759,
    15157,
    17557,
    19943,
    22299,
    24569,
    26969,
    29369
  ],
  "ep_length_mean": [
    100.0,
    100.0,
    99.41666666666667,
    98.875,
    100.0,
    100.0,
    99.91666666666667,
    100.0,
    99.41666666666667,
    98.16666666666667,
    94.58333333333333,
    100.0,
    100.0
  ],
  "ep_length_mean_T": [
    800,
    3200,
    5586,
    7959,
    10359,
    12759,
    15157,
    17557,
    19943,
    22299,
    24569,
    26969,
    29369
  ],
  "episode": [
    24,
    48,
    72,
    96,
    120,
    144,
    168,
    192,
    216,
    240,
    264,
    288
  ],
  "episode_T": [
    2400,
    4786,
    7159,
    9559,
    11959,
    14357,
    16757,
    19143,
    21499,
    23855,
    26169,
    28569
  ],
  "epsilon": [
    1.0,
    0.9772,
    0.954533,
    0.9319895,
    0.9091895,
    0.8863895,
    0.8636085,
    0.8408085000000001,
    0.8181415000000001,
    0.7957595000000001,
    0.7733775,
    0.7513945,
    0.7285945
  ],
  "epsilon_T": [
    800,
    3200,
    5586,
    7959,
    10359,
    12759,
    15157,
    17557,
    19943,
    22299,
    24569,
    26969,
    29369
  ],
  "grad_norm": [
    296.15878531351814,
    329.69391018610025,
    420.7915408080608,
    654.6482075675635,
    989.3931086750897,
    1436.5410746659563,
    1903.9078720747564,
    2018.1759431220519
  ],
  "grad_norm_T": [
    12759,
    15157,
    17557,
    19943,
    22299,
    24569,
    26969,
    29369
  ],
  "loss": [
    8668.802734375,
    7523.7041015625,
    8742.673828125,
    7992.01513671875,
    9457.2841796875,
    9545.0517578125,
    7572.2939453125,
    6962.857421875
  ],
  "loss_T": [
    12759,
    15157,
    17557,
    19943,
    22299,
    24569,
    26969,
    29369
  ],
  "mixer_norm": [
    23.663372718708484,
    28.978995221245828,
    22.496868737560487,
    26.040440210751445,
    22.913764874314914,
    28.650948663924204,
    30.41562758384306,
    34.33593195525868
  ],
  "mixer_norm_T": [
    12759,
    15157,
    17557,
    19943,
    22299,
    24569,
    26969,
    29369
  ],
  "q_taken_mean": [
    0.9010285784789168,
    0.2008509057036628,
    -0.43420850798439825,
    -0.9554673873902564,
    -1.3934592051443404,
    -1.7007117690392095,
    -2.03013915823358,
    -2.319044961734694
  ],
  "q_taken_mean_T": [
    12759,
    15157,
    17557,
    19943,
    22299,
    24569,
    26969,
    29369
  ],
  "qmix_loss": [
    4097.87744140625,
    3313.18359375,
    4152.0634765625,
    3721.5244140625,
    4830.552734375,
    5051.70703125,
    4010.476318359375,
    3902.590576171875
  ],
  "qmix_loss_T": [
    12759,
    15157,
    17557,
    19943,
    22299,
    24569,
    26969,
    29369
  ],
  "return_mean": [
    -2674.0,
    -2775.5416666666665,
    -2648.4166666666665,
    -2535.0833333333335,
    -2599.4166666666665,
    -2556.0,
    -2849.7083333333335,
    -3007.3333333333335,
    -2879.375,
    -2916.0416666666665,
    -2701.125,
    -3205.1666666666665,
    -2972.9166666666665
  ],
  "return_mean_T": [
    800,
    3200,
    5586,
    7959,
    10359,
    12759,
    15157,
    17557,
    19943,
    22299,
    24569,
    26969,
    29369
  ],
  "return_std": [
    226.1244126581648,
    311.6007032467817,
    576.3947516435435,
    706.4583566794453,
    440.1323585645067,
    279.974105945532,
    559.2897638349513,
    359.2612404489091,
    649.2853001891131,
    902.1519402317377,
    1261.0499036021533,
    275.053126181511,
    667.1240462279527
  ],
  "return_std_T": [
    800,
    3200,
    5586,
    7959,
    10359,
    12759,
    15157,
    17557,
    19943,
    22299,
    24569,
    26969,
    29369
  ],
  "target_mean": [
    -64.39755270789247,
    -66.1630407149562,
    -66.26907642314619,
    -67.22013404405425,
    -66.58573900731534,
    -67.8098708230812,
    -69.48640041738857,
    -68.86185733908948
  ],
  "target_mean_T": [
    12759,
    15157,
    17557,
    19943,
    22299,
    24569,
    26969,
    29369
  ],
  "td_error_abs": [
    78.50295379731953,
    78.45309566645807,
    78.89205524234595,
    78.79560241436074,
    79.19785357508063,
    80.37706861655687,
    79.63904256575839,
    79.88045525902669
  ],
  "td_error_abs_T": [
    12759,
    15157,
    17557,
    19943,
    22299,
    24569,
    26969,
    29369
  ],
  "test_ep_length_mean": [
    100.0,
    100.0
  ],
  "test_ep_length_mean_T": [
    800,
    21499
  ],
  "test_return_mean": [
    -260.4166666666667,
    -3998.3333333333335
  ],
  "test_return_mean_T": [
    800,
    21499
  ],
  "test_return_std": [
    612.7090062900079,
    8.498365855987974
  ],
  "test_return_std_T": [
    800,
    21499
  ],
  "w_to_use": [
    0.12531211972236633,
    0.1251714825630188,
    0.12531214952468872,
    0.12861675024032593,
    0.13276517391204834,
    0.1395854353904724,
    0.13009338080883026,
    0.13156984746456146
  ],
  "w_to_use_T": [
    12759,
    15157,
    17557,
    19943,
    22299,
    24569,
    26969,
    29369
  ]
}