{
  "ep_length_mean": [
    100.0,
    100.0,
    100.0,
    100.0,
    100.0,
    100.0,
    100.0,
    100.0,
    100.0,
    100.0,
    100.0,
    100.0,
    100.0,
    100.0,
    100.0,
    100.0,
    100.0,
    100.0,
    100.0,
    100.0,
    100.0,
    100.0,
    100.0,
    100.0,
    100.0,
    100.0,
    100.0,
    100.0,
    100.0,
    100.0,
    100.0,
    100.0,
    100.0,
    100.0,
    100.0,
    100.0,
    100.0,
    100.0,
    100.0,
    100.0,
    100.0,
    100.0,
    100.0,
    100.0,
    100.0,
    100.0,
    100.0
  ],
  "ep_length_mean_T": [
    800,
    3200,
    5600,
    8000,
    10400,
    12800,
    15200,
    17600,
    20000,
    22400,
    24800,
    27200,
    29600,
    32000,
    34400,
    36800,
    39200,
    41600,
    44000,
    46400,
    48800,
    51200,
    53600,
    56000,
    58400,
    60800,
    63200,
    65600,
    68000,
    70400,
    72800,
    75200,
    77600,
    80000,
    82400,
    84800,
    87200,
    89600,
    92000,
    94400,
    96800,
    99200,
    101600,
    104000,
    106400,
    108800,
    111200
  ],
  "episode": [
    24,
    48,
    72,
    96,
    120,
    144,
    168,
    192,
    216,
    240,
    264,
    288,
    312,
    336,
    360,
    384,
    408,
    432,
    456,
    480,
    504,
    528,
    552,
    576,
    600,
    624,
    648,
    672,
    696,
    720,
    744,
    768,
    792,
    816,
    840,
    864,
    888,
    912,
    936,
    960,
    984,
    1008,
    1032,
    1056,
    1080,
    1104
  ],
  "episode_T": [
    2400,
    4800,
    7200,
    9600,
    12000,
    14400,
    16800,
    19200,
    21600,
    24000,
    26400,
    28800,
    31200,
    33600,
    36000,
    38400,
    40800,
    43200,
    45600,
    48000,
    50400,
    52800,
    55200,
    57600,
    60000,
    62400,
    64800,
    67200,
    69600,
    72000,
    74400,
    76800,
    79200,
    81600,
    84000,
    86400,
    88800,
    91200,
    93600,
    96000,
    98400,
    100800,
    103200,
    105600,
    108000,
    110400
  ],
  "epsilon": [
    1.0,
    0.9772,
    0.9544,
    0.9316,
    0.9088,
    0.886,
    0.8632,
    0.8404,
    0.8176,
    0.7948000000000001,
    0.772,
    0.7492000000000001,
    0.7264,
    0.7036,
    0.6808000000000001,
    0.658,
    0.6352,
    0.6124,
    0.5896000000000001,
    0.5668,
    0.544,
    0.5212000000000001,
    0.49840000000000007,
    0.4756,
    0.4528000000000001,
    0.43000000000000005,
    0.4072000000000001,
    0.3844000000000001,
    0.36160000000000003,
    0.3388000000000001,
    0.31600000000000006,
    0.2932000000000001,
    0.2704000000000001,
    0.24760000000000004,
    0.2248000000000001,
    0.20200000000000007,
    0.17920000000000014,
    0.1564000000000001,
    0.13360000000000005,
    0.11080000000000012,
    0.08800000000000008,
    0.06520000000000015,
    0.05,
    0.05,
    0.05,
    0.05,
    0.05
  ],
  "epsilon_T": [
    800,
    3200,
    5600,
    8000,
    10400,
    12800,
    15200,
    17600,
    20000,
    22400,
    24800,
    27200,
    29600,
    32000,
    34400,
    36800,
    39200,
    41600,
    44000,
    46400,
    48800,
    51200,
    53600,
    56000,
    58400,
    60800,
    63200,
    65600,
    68000,
    70400,
    72800,
    75200,
    77600,
    80000,
    82400,
    84800,
    87200,
    89600,
    92000,
    94400,
    96800,
    99200,
    101600,
    104000,
    106400,
    108800,
    111200
  ],
  "grad_norm": [
    3.3145563178902546,
    3.579943811455786,
    5.042129108658643,
    6.1409191177898395,
    6.233565915705781,
    6.121488919607122,
    4.986937663299417,
    4.262093862129189,
    4.055600597607559,
    4.325735559841411,
    4.140543209054276,
    3.605164620951653,
    2.84158230840124,
    2.8779053089674513,
    3.8761190026335184,
    3.2756895119577725,
    3.3665020871529627,
    4.64193197725578,
    4.037517648583741,
    5.302714656214676,
    5.028728869137536,
    5.07838364577602,
    6.874842061330732,
    8.13639195749557,
    6.433318551941524,
    6.54827778801343,
    5.324599866997241,
    4.568819368961888,
    4.9883767168182525,
    3.803978938434128,
    4.1205720197851035,
    4.310788487170678,
    4.436918432452873,
    5.174922967108571,
    5.456517962066464,
    5.121299838901533,
    4.3669566405996045,
    3.5548063548882913,
    3.4610372719508518,
    3.989524484133169,
    3.729874519324967,
    3.213656700049954
  ],
  "grad_norm_T": [
    12800,
    15200,
    17600,
    20000,
    22400,
    24800,
    27200,
    29600,
    32000,
    34400,
    36800,
    39200,
    41600,
    44000,
    46400,
    48800,
    51200,
    53600,
    56000,
    58400,
    60800,
    63200,
    65600,
    68000,
    70400,
    72800,
    75200,
    77600,
    80000,
    82400,
    84800,
    87200,
    89600,
    92000,
    94400,
    96800,
    99200,
    101600,
    104000,
    106400,
    108800,
    111200
  ],
  "loss_td": [
    490.0780334472656,
    755.21435546875,
    756.3353271484375,
    517.521728515625,
    644.491943359375,
    741.7274780273438,
    673.41357421875,
    672.8411865234375,
    303.57391357421875,
    233.13055419921875,
    467.5449523925781,
    533.22900390625,
    392.97222900390625,
    624.494384765625,
    625.3432006835938,
    356.03448486328125,
    489.4951477050781,
    792.5703125,
    591.5486450195312,
    257.4703369140625,
    895.8641357421875,
    489.6783447265625,
    327.071533203125,
    527.0313110351562,
    424.5421142578125,
    523.0723876953125,
    522.6146850585938,
    484.9803161621094,
    153.62779235839844,
    414.6336669921875,
    115.5963363647461,
    183.9357452392578,
    184.2891845703125,
    317.6427001953125,
    318.026123046875,
    285.811767578125,
    485.04022216796875,
    246.84669494628906,
    112.61140441894531,
    45.06669616699219,
    381.6847229003906,
    178.2054901123047
  ],
  "loss_td_T": [
    12800,
    15200,
    17600,
    20000,
    22400,
    24800,
    27200,
    29600,
    32000,
    34400,
    36800,
    39200,
    41600,
    44000,
    46400,
    48800,
    51200,
    53600,
    56000,
    58400,
    60800,
    63200,
    65600,
    68000,
    70400,
    72800,
    75200,
    77600,
    80000,
    82400,
    84800,
    87200,
    89600,
    92000,
    94400,
    96800,
    99200,
    101600,
    104000,
    106400,
    108800,
    111200
  ],
  "q_taken_mean": [
    0.02762697696685791,
    -0.021922330856323242,
    -0.07676045417785644,
    -0.1814388084411621,
    -0.3049604034423828,
    -0.4759568786621094,
    -0.6546111297607422,
    -0.830960464477539,
    -0.9992733764648437,
    -1.127308349609375,
    -1.3180169677734375,
    -1.4129864501953124,
    -1.6288851928710937,
    -1.597529754638672,
    -1.8527896118164062,
    -1.9374838256835938,
    -2.0150787353515627,
    -1.9735122680664063,
    -2.1080010986328124,
    -2.2463803100585937,
    -2.307497253417969,
    -2.358179626464844,
    -2.2436505126953126,
    -2.3817266845703124,
    -2.5838079833984375,
    -2.4897337341308594,
    -2.6748150634765624,
    -2.7004315185546877,
    -2.700350341796875,
    -2.7765142822265627,
    -2.9706781005859373,
    -3.0214471435546875,
    -3.05681884765625,
    -3.0043389892578123,
    -2.876697998046875,
    -3.06646728515625,
    -2.8618157958984374,
    -3.102225036621094,
    -3.3197091674804686,
    -3.0125653076171877,
    -3.5278030395507813,
    -2.9427197265625
  ],
  "q_taken_mean_T": [
    12800,
    15200,
    17600,
    20000,
    22400,
    24800,
    27200,
    29600,
    32000,
    34400,
    36800,
    39200,
    41600,
    44000,
    46400,
    48800,
    51200,
    53600,
    56000,
    58400,
    60800,
    63200,
    65600,
    68000,
    70400,
    72800,
    75200,
    77600,
    80000,
    82400,
    84800,
    87200,
    89600,
    92000,
    94400,
    96800,
    99200,
    101600,
    104000,
    106400,
    108800,
    111200
  ],