{
  "actor_loss": [
    0.8346273899078369,
    1.2591181993484497,
    0.8845729827880859,
    0.7550853490829468,
    0.8779127597808838,
    0.8023768663406372,
    0.7574626803398132,
    0.5573647022247314,
    0.8145778775215149,
    0.5104349851608276,
    1.2738927602767944,
    0.8915433287620544,
    1.1366838216781616,
    1.056634545326233,
    0.6472975611686707,
    0.6398267149925232,
    0.7031054496765137,
    0.6377263069152832,
    1.0058420896530151,
    1.1132564544677734,
    0.9156114459037781,
    1.119411587715149,
    0.7182294130325317,
    0.8010427355766296,
    0.6736313104629517,
    0.6652275919914246
  ],
  "actor_loss_T": [
    81,
    2087,
    4090,
    6102,
    8104,
    10104,
    12107,
    14117,
    16117,
    18123,
    20126,
    22128,
    24128,
    26133,
    28133,
    30138,
    32140,
    34144,
    36149,
    38154,
    40157,
    42165,
    44172,
    46176,
    48186,
    50186
  ],
  "advantage_mean": [
    -0.9433060634283372,
    -1.340211959112258,
    -0.9788420877338927,
    -0.8777939552484557,
    -0.9240519205729166,
    -0.8488735017322359,
    -0.8714084855045181,
    -0.6341227778682003,
    -0.9267230944687062,
    -0.6022092060870435,
    -1.3853614358340993,
    -0.9691399165562221,
    -1.2441804381622665,
    -1.1387465904498923,
    -0.7111827305385044,
    -0.6993277278947242,
    -0.7636886408299576,
    -0.6993459753088049,
    -1.0636345999581474,
    -1.1954928553381632,
    -1.0104820527226093,
    -1.2594704463564117,
    -0.806265149797712,
    -0.8995789747971755,
    -0.751893211813534,
    -0.7713672092982701
  ],
  "advantage_mean_T": [
    81,
    2087,
    4090,
    6102,
    8104,
    10104,
    12107,
    14117,
    16117,
    18123,
    20126,
    22128,
    24128,
    26133,
    28133,
    30138,
    32140,
    34144,
    36149,
    38154,
    40157,
    42165,
    44172,
    46176,
    48186,
    50186
  ],
  "critic_loss": [
    1.657844066619873,
    0.9855521321296692,
    1.3442623615264893,
    0.8237480521202087,
    0.2168872058391571,
    1.6188138723373413,
    2.210644006729126,
    0.19518312811851501,
    0.45182690024375916,
    0.08107633143663406,
    0.24265746772289276,
    1.1637297868728638,
    1.863265872001648,
    0.807891309261322,
    2.2618839740753174,
    1.3089258670806885,
    3.468736410140991,
    0.498591810464859,
    3.450409412384033,
    6.182479381561279,
    2.1682205200195312,
    3.032768964767456,
    0.9642902612686157,
    0.9818457365036011,
    1.0478705167770386,
    5.469615936279297
  ],
  "critic_loss_T": [
    81,
    2087,
    4090,
    6102,
    8104,
    10104,
    12107,
    14117,
    16117,
    18123,
    20126,
    22128,
    24128,
    26133,
    28133,
    30138,
    32140,
    34144,
    36149,
    38154,
    40157,
    42165,
    44172,
    46176,
    48186,
    50186
  ],
  "entropy_loss": [
    2.7583038806915283,
    2.72925066947937,
    2.704627513885498,
    2.6440370082855225,
    2.6960957050323486,
    2.7197225093841553,
    2.724186420440674,
    2.6876330375671387,
    2.6709232330322266,
    2.708235502243042,
    2.6608614921569824,
    2.679328441619873,
    2.674245595932007,
    2.6480889320373535,
    2.733273983001709,
    2.6982011795043945,
    2.7062771320343018,
    2.631145477294922,
    2.729118824005127,
    2.7333738803863525,
    2.6710281372070312,
    2.535283088684082,
    2.6231796741485596,
    2.704817295074463,
    2.6637122631073,
    2.5939972400665283
  ],
  "entropy_loss_T": [
    81,
    2087,
    4090,
    6102,
    8104,
    10104,
    12107,
    14117,
    16117,
    18123,
    20126,
    22128,
    24128,
    26133,
    28133,
    30138,
    32140,
    34144,
    36149,
    38154,
    40157,
    42165,
    44172,
    46176,
    48186,
    50186
  ],
  "ep_length_mean": [
    1.0,
    1.331781914893617,
    1.3377659574468086,
    1.3128272251308901,
    1.3210526315789475,
    1.2918814432989691,
    1.3415775401069518,
    1.2985751295336787,
    1.3154450261780104,
    1.3501344086021505,
    1.331781914893617,
    1.3095549738219896,
    1.291237113402062,
    1.3128272251308901,
    1.3033854166666667,
    1.2959844559585492,
    1.2925257731958764,
    1.3020833333333333,
    1.2905927835051547,
    1.2931701030927836,
    1.2998704663212435,
    1.2799744897959184,
    1.2925257731958764,
    1.2786989795918366,
    1.3141361256544504,
    1.306640625
  ],
  "ep_length_mean_T": [
    8,
    2011,
    4023,
    6029,
    8037,
    10042,
    12049,
    14054,
    16064,
    18073,
    20076,
    22077,
    24081,
    26087,
    28089,
    30090,
    32096,
    34096,
    36099,
    38106,
    40113,
    42120,
    44126,
    46131,
    48139,
    50146
  ],
  "episode": [
    1504,
    3008,
    4536,
    6056,
    7608,
    9112,
    10656,
    12184,
    13672,
    15176,
    16704,
    18256,
    19784,
    21320,
    22864,
    24416,
    25952,
    27504,
    29056,
    30600,
    32168,
    33720,
    35288,
    36816,
    38352
  ],
  "episode_T": [
    2003,
    4009,
    6016,
    8026,
    10034,
    12049,
    14054,
    16064,
    18073,
    20076,
    22077,
    24081,
    26087,
    28089,
    30090,
    32096,
    34096,
    36099,
    38106,
    40113,
    42120,
    44126,
    46131,
    48139,
    50146
  ],
  "epsilon": [
    1.0,
    0.97997,
    0.95991,
    0.93984,
    0.91974,
    0.89966,
    0.87967,
    0.85954,
    0.8395,
    0.81941,
    0.79939,
    0.7793399999999999,
    0.75928,
    0.73926,
    0.71923,
    0.69921,
    0.67913,
    0.6591199999999999,
    0.63911,
    0.61904,
    0.59897,
    0.57892,
    0.55884,
    0.53881,
    0.5186999999999999,
    0.4986499999999999
  ],
  "epsilon_T": [
    8,
    2011,
    4023,
    6029,
    8037,
    10042,
    12049,
    14054,
    16064,
    18073,
    20076,
    22077,
    24081,
    26087,
    28089,
    30090,
    32096,
    34096,
    36099,
    38106,
    40113,
    42120,
    44126,
    46131,
    48139,
    50146
  ],
  "grad_norm": [
    1.834047899945577,
    0.892641823176875,
    0.8436144140639252,
    0.3942730095305523,
    0.5322310783538294,
    0.2369002084506626,
    0.29006071531711575,
    0.3105362383084032,
    0.23503136321172474,
    0.1380150091115947,
    0.19047575870804154,
    0.24616982121147304,
    0.7602531559749204,
    0.516789734700089,
    0.2728151243173511,
    1.3509358578206405,
    0.8106517677396609,
    0.2959569583763406,
    0.4763645331350374,
    1.2188240933483585,
    0.37047910349192187,
    1.1985852466423779,
    0.46765325778275524,
    0.23724621671419066,
    0.3031584705372177,
    1.0808582106461087
  ],
  "grad_norm_T": [
    81,
    2087,
    4090,
    6102,
    8104,
    10104,
    12107,
    14117,
    16117,
    18123,
    20126,
    22128,
    24128,
    26133,
    28133,
    30138,
    32140,
    34144,
    36149,
    38154,
    40157,
    42165,
    44172,
    46176,
    48186,
    50186
  ],
  "lr": [
    0.0005,
    0.0005,
    0.0005,
    0.0005,
    0.0005,
    0.0005,
    0.0005,
    0.0005,
    0.0005,
    0.0005,
    0.0005,
    0.0005,
    0.0005,
    0.0005,
    0.0005,
    0.0005,
    0.0005,
    0.0005,
    0.0005,
    0.0005,
    0.0005,
    0.0005,
    0.0005,
    0.0005,
    0.0005,
    0.0005
  ],
  "lr_T": [
    81,
    2087,
    4090,
    6102,
    8104,
    10104,
    12107,
    14117,
    16117,
    18123,
    20126,
    22128,
    24128,
    26133,
    28133,
    30138,
    32140,
    34144,
    36149,
    38154,
    40157,
    42165,
    44172,
    46176,
    48186,
    50186
  ],