{
  "agent_norm": [
    4.596163155947793,
    4.070784769186173,
    5.540569852429693,
    6.799108781976583
  ],
  "agent_norm_T": [
    12800,
    15195,
    17483,
    19883
  ],
  "central_loss": [
    4049.66650390625,
    4206.2431640625,
    4614.4658203125,
    4871.05712890625
  ],
  "central_loss_T": [
    12800,
    15195,
    17483,
    19883
  ],
  "ep_length_mean": [
    100.0,
    100.0,
    100.0,
    100.0,
    100.0,
    100.0,
    99.79166666666667,
    95.33333333333333,
    100.0
  ],
  "ep_length_mean_T": [
    800,
    3200,
    5600,
    8000,
    10400,
    12800,
    15195,
    17483,
    19883
  ],
  "episode": [
    24,
    48,
    72,
    96,
    120,
    144,
    168,
    192
  ],
  "episode_T": [
    2400,
    4800,
    7200,
    9600,
    12000,
    14395,
    16714,
    19083
  ],
  "epsilon": [
    1.0,
    0.9772,
    0.9544,
    0.9316,
    0.9088,
    0.886,
    0.8632475000000001,
    0.841217,
    0.8187115
  ],
  "epsilon_T": [
    800,
    3200,
    5600,
    8000,
    10400,
    12800,
    15195,
    17483,
    19883
  ],
  "grad_norm": [
    349.60687113371597,
    354.16970282826975,
    376.3458433165242,
    506.7189383610232
  ],
  "grad_norm_T": [
    12800,
    15195,
    17483,
    19883
  ],
  "loss": [
    6217.57763671875,
    6730.93701171875,
    8024.044921875,
    8713.35546875
  ],
  "loss_T": [
    12800,
    15195,
    17483,
    19883
  ],
  "mixer_norm": [
    45.94390772167522,
    37.84463441396503,
    33.65803003156152,
    37.56540391626499
  ],
  "mixer_norm_T": [
    12800,
    15195,
    17483,
    19883
  ],
  "q_taken_mean": [
    0.9888819885253907,
    -0.18811423453375342,
    -1.1811118588922604,
    -2.1604902885600565
  ],
  "q_taken_mean_T": [
    12800,
    15195,
    17483,
    19883
  ],
  "qmix_loss": [
    2167.9111328125,
    2524.69384765625,
    3409.579345703125,
    3842.29833984375
  ],
  "qmix_loss_T": [
    12800,
    15195,
    17483,
    19883
  ],
  "return_mean": [
    -2831.0,
    -2916.8333333333335,
    -3003.4166666666665,
    -2995.0833333333335,
    -3095.5833333333335,
    -3034.2916666666665,
    -2873.5,
    -2772.0416666666665,
    -3154.9583333333335
  ],
  "return_mean_T": [
    800,
    3200,
    5600,
    8000,
    10400,
    12800,
    15195,
    17483,
    19883
  ],
  "return_std": [
    278.8010043023518,
    297.41254550240853,
    323.1057510922529,
    291.3950521009046,
    306.775558113021,
    294.8257224144838,
    532.8438639351431,
    1205.6651856674619,
    455.3306929370736
  ],
  "return_std_T": [
    800,
    3200,
    5600,
    8000,
    10400,
    12800,
    15195,
    17483,
    19883
  ],
  "target_mean": [
    -72.9300634765625,
    -72.79826103946854,
    -72.24585238020177,
    -73.79181116015133
  ],
  "target_mean_T": [
    12800,
    15195,
    17483,
    19883
  ],
  "td_error_abs": [
    83.2975,
    82.5238667448222,
    82.23966543190416,
    83.29696366645649
  ],
  "td_error_abs_T": [
    12800,
    15195,
    17483,
    19883
  ],
  "test_ep_length_mean": [
    100.0,
    100.0,
    100.0,
    100.0,
    100.0,
    100.0,
    100.0,
    100.0,
    100.0
  ],
  "test_ep_length_mean_T": [
    800,
    3200,
    5600,
    8000,
    10400,
    12800,
    15195,
    17483,
    19883
  ],
  "test_return_mean": [
    -4979.166666666667,
    -4979.166666666667,
    -4937.5,
    -4937.5,
    -4979.166666666667,
    -4637.916666666667,
    -5727.5,
    -5974.166666666667,
    -5947.5
  ],
  "test_return_mean_T": [
    800,
    3200,
    5600,
    8000,
    10400,
    12800,
    15195,
    17483,
    19883
  ],
  "test_return_std": [
    99.91315673568165,
    99.91315673568165,
    165.3594569415369,
    165.3594569415369,
    99.91315673568165,
    1293.3740731341243,
    825.3597700397082,
    103.35685216224849,
    202.5514337972786
  ],
  "test_return_std_T": [
    800,
    3200,
    5600,
    8000,
    10400,
    12800,
    15195,
    17483,
    19883
  ],
  "w_to_use": [
    0.1225699707865715,
    0.12320277094841003,
    0.1312183141708374,
    0.1313590407371521
  ],
  "w_to_use_T": [
    12800,
    15195,
    17483,
    19883
  ]
}