{
  "agent_norm": [
    2.626480594188219,
    2.92408195203355,
    3.680840532160797,
    5.362497806306983,
    11.229975838384522,
    12.952004495585859,
    18.794942862775024
  ],
  "agent_norm_T": [
    12800,
    15176,
    17576,
    19976,
    22376,
    24776,
    27176
  ],
  "central_loss": [
    4320.60986328125,
    4276.529296875,
    4333.818359375,
    4218.95458984375,
    4225.32080078125,
    3997.136962890625,
    3211.3193359375
  ],
  "central_loss_T": [
    12800,
    15176,
    17576,
    19976,
    22376,
    24776,
    27176
  ],
  "ep_length_mean": [
    100.0,
    100.0,
    100.0,
    100.0,
    100.0,
    100.0,
    99.0,
    100.0,
    100.0,
    100.0,
    100.0,
    100.0
  ],
  "ep_length_mean_T": [
    800,
    3200,
    5600,
    8000,
    10400,
    12800,
    15176,
    17576,
    19976,
    22376,
    24776,
    27176
  ],
  "episode": [
    24,
    48,
    72,
    96,
    120,
    144,
    168,
    192,
    216,
    240,
    264
  ],
  "episode_T": [
    2400,
    4800,
    7200,
    9600,
    12000,
    14376,
    16776,
    19176,
    21576,
    23976,
    26376
  ],
  "epsilon": [
    1.0,
    0.9772,
    0.9544,
    0.9316,
    0.9088,
    0.886,
    0.8634280000000001,
    0.840628,
    0.817828,
    0.7950280000000001,
    0.772228,
    0.749428
  ],
  "epsilon_T": [
    800,
    3200,
    5600,
    8000,
    10400,
    12800,
    15176,
    17576,
    19976,
    22376,
    24776,
    27176
  ],
  "grad_norm": [
    326.8455904159027,
    338.1999894326945,
    386.8909496322828,
    532.8942861895823,
    1002.6605804467224,
    1894.7032379295174,
    3218.758578160272
  ],
  "grad_norm_T": [
    12800,
    15176,
    17576,
    19976,
    22376,
    24776,
    27176
  ],
  "loss": [
    7110.98046875,
    6976.2099609375,
    7080.58203125,
    6818.01953125,
    6438.6123046875,
    6671.86767578125,
    6128.015625
  ],
  "loss_T": [
    12800,
    15176,
    17576,
    19976,
    22376,
    24776,
    27176
  ],
  "mixer_norm": [
    18.285405912141176,
    19.298490722491337,
    19.767077461026258,
    24.392531897724805,
    34.28333512104093,
    34.05993182086093,
    40.76717859150434
  ],
  "mixer_norm_T": [
    12800,
    15176,
    17576,
    19976,
    22376,
    24776,
    27176
  ],
  "q_taken_mean": [
    -0.09206227302551269,
    -0.2603741229588193,
    -0.4520847702026367,
    -0.6347771453857421,
    -0.8632766723632812,
    -1.175499267578125,
    -1.6214887777864746
  ],
  "q_taken_mean_T": [
    12800,
    15176,
    17576,
    19976,
    22376,
    24776,
    27176
  ],
  "qmix_loss": [
    2790.370361328125,
    2699.680908203125,
    2746.763427734375,
    2599.06494140625,
    2213.291259765625,
    2674.730712890625,
    2916.696533203125
  ],
  "qmix_loss_T": [
    12800,
    15176,
    17576,
    19976,
    22376,
    24776,
    27176
  ],
  "return_mean": [
    -2869.875,
    -2959.5416666666665,
    -2934.7916666666665,
    -2880.1666666666665,
    -2937.2916666666665,
    -2944.4166666666665,
    -2923.9166666666665,
    -3340.4583333333335,
    -3469.4166666666665,
    -3524.875,
    -3506.375,
    -3478.875
  ],
  "return_mean_T": [
    800,
    3200,
    5600,
    8000,
    10400,
    12800,
    15176,
    17576,
    19976,
    22376,
    24776,
    27176
  ],
  "return_std": [
    314.97239462371937,
    261.76850128288714,
    262.7555865512452,
    329.5419379819341,
    286.8818687146719,
    515.9061539875466,
    608.4245993182357,
    267.88709984597784,
    355.1437404613643,
    319.23832692049996,
    286.78807688198384,
    289.9237417695672
  ],
  "return_std_T": [
    800,
    3200,
    5600,
    8000,
    10400,
    12800,
    15176,
    17576,
    19976,
    22376,
    24776,
    27176
  ],
  "target_mean": [
    -35.69602294921875,
    -35.949732408422044,
    -36.54361083984375,
    -37.26153564453125,
    -40.4847900390625,
    -40.3365283203125,
    -40.831434427833436
  ],
  "target_mean_T": [
    12800,
    15176,
    17576,
    19976,
    22376,
    24776,
    27176
  ],
  "td_error_abs": [
    82.297626953125,
    82.32490607388854,
    83.16287109375,
    83.2315234375,
    88.2625,
    88.61041015625,
    89.24379696305573
  ],
  "td_error_abs_T": [
    12800,
    15176,
    17576,
    19976,
    22376,
    24776,
    27176
  ],
  "test_ep_length_mean": [
    100.0,
    100.0,
    100.0,
    100.0,
    100.0,
    100.0,
    100.0,
    100.0,
    100.0,
    100.0,
    100.0,
    100.0
  ],
  "test_ep_length_mean_T": [
    800,
    3200,
    5600,
    8000,
    10400,
    12800,
    15176,
    17576,
    19976,
    22376,
    24776,
    27176
  ],
  "test_return_mean": [
    -3817.5,
    -2250.2916666666665,
    -2273.125,
    -2631.5833333333335,
    -2396.7916666666665,
    -3363.75,
    -4560.0,
    -5898.541666666667,
    -5891.0,
    -6000.0,
    -6000.0,
    -5958.333333333333
  ],
  "test_return_mean_T": [
    800,
    3200,
    5600,
    8000,
    10400,
    12800,
    15176,
    17576,
    19976,
    22376,
    24776,
    27176
  ],
  "test_return_std": [
    2023.5161023986605,
    2227.5059760332606,
    1959.447207600909,
    2311.94056145962,
    2095.5039167060877,
    2194.1197978916284,
    1809.5834235167679,
    183.2959763075981,
    247.33748873418548,
    0.0,
    0.0,
    138.19269959814167
  ],
  "test_return_std_T": [
    800,
    3200,
    5600,
    8000,
    10400,
    12800,
    15176,
    17576,
    19976,
    22376,
    24776,
    27176
  ],
  "w_to_use": [
    0.12404652684926987,
    0.12615586817264557,
    0.12425745278596878,
    0.12207777798175812,
    0.12081218510866165,
    0.12348400801420212,
    0.1251715123653412
  ],
  "w_to_use_T": [
    12800,
    15176,
    17576,
    19976,
    22376,
    24776,
    27176
  ]
}