{
  "actor_loss": [
    -0.026303134858608246,
    -0.03501635417342186,
    -0.04186970368027687,
    -0.04319968819618225,
    -0.046329036355018616
  ],
  "actor_loss_T": [
    6400,
    8800,
    11200,
    13600,
    16000
  ],
  "advantage_mean": [
    9.5367431640625e-09,
    -4.5299530029296876e-08,
    2.384185791015625e-09,
    -4.76837158203125e-09,
    1.1920928955078125e-09
  ],
  "advantage_mean_T": [
    6400,
    8800,
    11200,
    13600,
    16000
  ],
  "critic_loss": [
    0.4897373914718628,
    0.2747454047203064,
    0.2667829990386963,
    0.357583224773407,
    0.4199739098548889
  ],
  "critic_loss_T": [
    6400,
    8800,
    11200,
    13600,
    16000
  ],
  "entropy_loss": [
    6.262094497680664,
    6.249128818511963,
    6.226422309875488,
    6.208338737487793,
    6.196053504943848
  ],
  "entropy_loss_T": [
    6400,
    8800,
    11200,
    13600,
    16000
  ],
  "ep_length_mean": [
    100.0,
    100.0,
    100.0,
    100.0,
    100.0,
    100.0,
    100.0
  ],
  "ep_length_mean_T": [
    800,
    3200,
    5600,
    8000,
    10400,
    12800,
    15200
  ],
  "episode": [
    24,
    48,
    72,
    96,
    120,
    144,
    168
  ],
  "episode_T": [
    2400,
    4800,
    7200,
    9600,
    12000,
    14400,
    16800
  ],
  "epsilon": [
    0.0,
    0.0,
    0.0,
    0.0,
    0.0,
    0.0,
    0.0
  ],
  "epsilon_T": [
    800,
    3200,
    5600,
    8000,
    10400,
    12800,
    15200
  ],
  "grad_norm": [
    0.18254064414267532,
    0.10641462136294556,
    0.33747436108529094,
    0.5300833351221201,
    0.40075634100345775
  ],
  "grad_norm_T": [
    6400,
    8800,
    11200,
    13600,
    16000
  ],
  "lr": [
    0.0005,
    0.0005,
    0.0005,
    0.0005,
    0.0005
  ],
  "lr_T": [
    6400,
    8800,
    11200,
    13600,
    16000
  ],
  "return_mean": [
    -357.625,
    -363.6666666666667,
    -428.0416666666667,
    -282.6666666666667,
    -364.0833333333333,
    -338.625,
    -120.375
  ],
  "return_mean_T": [
    800,
    3200,
    5600,
    8000,
    10400,
    12800,
    15200
  ],
  "return_std": [
    266.92926848699074,
    302.4473324215125,
    39.94525333364265,
    367.9963390518384,
    143.92848822322222,
    160.43685479028812,
    608.6074824616711
  ],
  "return_std_T": [
    800,
    3200,
    5600,
    8000,
    10400,
    12800,
    15200
  ],
  "target_mean": [
    -1.0132789611816407e-08,
    -0.634705810546875,
    -0.8337051391601562,
    -0.7579229736328125,
    -0.41809127807617186
  ],
  "target_mean_T": [
    6400,
    8800,
    11200,
    13600,
    16000
  ],
  "test_ep_length_mean": [
    100.0
  ],
  "test_ep_length_mean_T": [
    800
  ],
  "test_return_mean": [
    -356.8333333333333
  ],
  "test_return_mean_T": [
    800
  ],
  "test_return_std": [
    232.24837040452093
  ],
  "test_return_std_T": [
    800
  ]
}