{
  "agent_norm": [
    5.1894468475226345,
    29.187654227553995,
    136.7980869773951,
    692.3896205500758,
    131.6779789854621,
    152.53506633253278,
    147.4630945614398,
    134.14958817848907,
    69.90908095604203,
    80.92657692223615,
    143.71142387511122,
    148.6171187431621,
    184.8746842958108,
    88.97696321262188,
    66.6738099736209,
    578.9752198466007,
    140.23406499585698,
    704.231941759147,
    107.71116238584258,
    791.3349650768233
  ],
  "agent_norm_T": [
    3840,
    6000,
    8160,
    10320,
    12480,
    14640,
    16800,
    18960,
    21120,
    23280,
    25440,
    27600,
    29759,
    31810,
    33812,
    35827,
    37969,
    40111,
    42159,
    44162
  ],
  "central_loss": [
    3301.515869140625,
    3044.46630859375,
    577.2918090820312,
    273.1480712890625,
    354.9720153808594,
    347.0843200683594,
    191.74859619140625,
    188.5354461669922,
    126.788330078125,
    166.33082580566406,
    206.65478515625,
    169.28857421875,
    248.3311004638672,
    120.16213989257812,
    162.00442504882812,
    996.3804321289062,
    215.89015197753906,
    1048.545654296875,
    171.39126586914062,
    280.3912353515625
  ],
  "central_loss_T": [
    3840,
    6000,
    8160,
    10320,
    12480,
    14640,
    16800,
    18960,
    21120,
    23280,
    25440,
    27600,
    29759,
    31810,
    33812,
    35827,
    37969,
    40111,
    42159,
    44162
  ],
  "ep_length_mean": [
    30.0,
    30.0,
    30.0,
    30.0,
    30.0,
    30.0,
    30.0,
    30.0,
    30.0,
    30.0,
    30.0,
    30.0,
    30.0,
    29.47222222222222,
    26.375,
    24.386363636363637,
    22.75,
    19.73076923076923,
    19.125,
    18.5,
    4.10655737704918,
    1.0
  ],
  "ep_length_mean_T": [
    240,
    2400,
    4560,
    6720,
    8880,
    11040,
    13200,
    15360,
    17520,
    19680,
    21840,
    24000,
    26160,
    28282,
    30392,
    32538,
    34540,
    36592,
    38734,
    40806,
    42810,
    44810
  ],
  "episode": [
    72,
    144,
    216,
    288,
    360,
    432,
    504,
    576,
    648,
    720,
    792,
    864,
    936,
    1016,
    1104,
    1192,
    1296,
    1408,
    1520,
    1888,
    3888
  ],
  "episode_T": [
    2160,
    4320,
    6480,
    8640,
    10800,
    12960,
    15120,
    17280,
    19440,
    21600,
    23760,
    25920,
    28071,
    30181,
    32356,
    34358,
    36439,
    38581,
    40682,
    42682,
    44682
  ],
  "epsilon": [
    1.0,
    0.97948,
    0.95896,
    0.93844,
    0.9179200000000001,
    0.8974,
    0.87688,
    0.85636,
    0.83584,
    0.81532,
    0.7948000000000001,
    0.7742800000000001,
    0.75376,
    0.7333255000000001,
    0.7132805,
    0.692618,
    0.6735990000000001,
    0.6538295000000001,
    0.6334805000000001,
    0.613521,
    0.593381,
    0.574381
  ],
  "epsilon_T": [
    240,
    2400,
    4560,
    6720,
    8880,
    11040,
    13200,
    15360,
    17520,
    19680,
    21840,
    24000,
    26160,
    28282,
    30392,
    32538,
    34540,
    36592,
    38734,
    40806,
    42810,
    44810
  ],
  "grad_norm": [
    455.87511618761494,
    592.758283048078,
    2747.7011184950265,
    2729.248007764881,
    1316.73360346749,
    1586.0989708637157,
    868.8549473361089,
    745.8596884859205,
    444.1053073601616,
    213.86615251524833,
    182.27361183744088,
    154.23970512760025,
    238.86893976142116,
    381.1352772302062,
    261.36461666897577,
    815.1285595150297,
    151.90998396153287,
    790.1519582859381,
    127.5890732651951,
    1361.12877883891
  ],
  "grad_norm_T": [
    3840,
    6000,
    8160,
    10320,
    12480,
    14640,
    16800,
    18960,
    21120,
    23280,
    25440,
    27600,
    29759,
    31810,
    33812,
    35827,
    37969,
    40111,
    42159,
    44162
  ],
  "loss": [
    4396.439453125,
    3868.21435546875,
    1068.836181640625,
    616.30810546875,
    778.8738403320312,
    687.9439697265625,
    388.95733642578125,
    363.5614013671875,
    219.3907470703125,
    304.75836181640625,
    392.4920959472656,
    314.8208923339844,
    416.1446533203125,
    204.093017578125,
    241.06826782226562,
    2661.2275390625,
    315.1508483886719,
    2779.22998046875,
    263.9828186035156,
    548.29443359375
  ],
  "loss_T": [
    3840,
    6000,
    8160,
    10320,
    12480,
    14640,
    16800,
    18960,
    21120,
    23280,
    25440,
    27600,
    29759,
    31810,
    33812,
    35827,
    37969,
    40111,
    42159,
    44162
  ],
  "mixer_norm": [
    215.0533809860198,
    193.0656090772678,
    141.12722789703153,
    817.4776346811511,
    145.30456077385188,
    57.677782218906785,
    43.297667966469405,
    46.35216354105919,
    45.533538697520136,
    46.42356072419209,
    47.28877867594169,
    18.742450091943912,
    106.15469351353717,
    20.89988141640032,
    14.662233307468188,
    194.3575742777303,
    39.967262506075166,
    317.27596139143964,
    43.05138705132466,
    257.28333694045773
  ],
  "mixer_norm_T": [
    3840,
    6000,
    8160,
    10320,
    12480,
    14640,
    16800,
    18960,
    21120,
    23280,
    25440,
    27600,
    29759,
    31810,
    33812,
    35827,
    37969,
    40111,
    42159,
    44162
  ],
  "q_taken_mean": [
    0.9896858215332032,
    -11.584023030598958,
    -33.681870524088545,
    -63.20186767578125,
    -40.90040690104167,
    -52.01093343098958,
    -54.54952392578125,
    -60.1824462890625,
    -57.431416829427086,
    -57.296199544270834,
    -56.70539143880208,
    -55.43032633463542,
    -50.73772877853582,
    -53.87726901811884,
    -54.13965240189445,
    -53.4696140356851,
    -52.85405752305113,
    -52.683625741316014,
    -49.43749006043257,
    -87.17163613600422
  ],
  "q_taken_mean_T": [
    3840,
    6000,
    8160,
    10320,
    12480,
    14640,
    16800,
    18960,
    21120,
    23280,
    25440,
    27600,
    29759,
    31810,
    33812,
    35827,
    37969,
    40111,
    42159,
    44162
  ],
  "qmix_loss": [
    1094.923828125,
    823.7479248046875,
    491.54437255859375,
    343.1600341796875,
    423.9018249511719,
    340.85968017578125,
    197.20872497558594,
    175.02593994140625,
    92.60240936279297,
    138.4275360107422,
    185.83731079101562,
    145.53231811523438,
    167.81356811523438,
    83.93087768554688,
    79.06385040283203,
    1664.84716796875,
    99.26070404052734,
    1730.684326171875,
    92.59156036376953,
    267.9032287597656
  ],
  "qmix_loss_T": [
    3840,
    6000,
    8160,
    10320,
    12480,
    14640,
    16800,
    18960,
    21120,
    23280,
    25440,
    27600,
    29759,
    31810,
    33812,
    35827,
    37969,
    40111,
    42159,
    44162
  ],
  "return_mean": [
    -651.875,
    -944.4027777777778,
    -978.8611111111111,
    -951.7222222222222,
    -949.6666666666666,
    -1005.9583333333334,
    -1002.2638888888889,
    -1021.8611111111111,
    -1090.1805555555557,
    -972.0277777777778,
    -893.7083333333334,
    -811.8194444444445,
    -751.5,
    -700.6527777777778,
    -691.9,
    -577.5681818181819,
    -515.6022727272727,
    -553.8461538461538,
    -600.7589285714286,
    -383.5,
    -89.9672131147541,
    -25.3925
  ],
  "return_mean_T": [
    240,
    2400,
    4560,
    6720,
    8880,
    11040,
    13200,
    15360,
    17520,
    19680,
    21840,
    24000,
    26160,
    28282,
    30392,
    32538,
    34540,
    36592,
    38734,
    40806,
    42810,
    44810
  ],