{
  "ep_length_mean": [
    300.0,
    300.0,
    300.0
  ],
  "ep_length_mean_T": [
    2400,
    4800,
    7200
  ],
  "episode": [
    8,
    16
  ],
  "episode_T": [
    2400,
    4800
  ],
  "epsilon": [
    1.0,
    0.976,
    0.952
  ],
  "epsilon_T": [
    2400,
    4800,
    7200
  ],
  "return_mean": [
    -714.5,
    -1121.625,
    -919.875
  ],
  "return_mean_T": [
    2400,
    4800,
    7200
  ],
  "return_std": [
    637.1850202256799,
    526.39574881927,
    546.95759376299
  ],
  "return_std_T": [
    2400,
    4800,
    7200
  ],
  "test_ep_length_mean": [
    300.0,
    300.0
  ],
  "test_ep_length_mean_T": [
    2400,
    4800
  ],
  "test_return_mean": [
    -1471.98,
    -1498.48
  ],
  "test_return_mean_T": [
    2400,
    4800
  ],
  "test_return_std": [
    253.4516119498947,
    164.13710610340368
  ],
  "test_return_std_T": [
    2400,
    4800
  ]
}