{
  "actor_loss": [
    -0.02371308021247387,
    -0.026889778673648834,
    -0.03052801825106144,
    -0.033466897904872894,
    -0.03401948884129524,
    -0.03622676059603691,
    -0.03885060176253319,
    -0.039617303758859634,
    -0.04070770740509033,
    -0.041615914553403854,
    -0.044705748558044434,
    -0.043310437351465225,
    -0.044023290276527405,
    -0.04462447762489319
  ],
  "actor_loss_T": [
    19200,
    21600,
    24000,
    26400,
    28800,
    31200,
    33600,
    36000,
    38400,
    40800,
    43200,
    45600,
    48000,
    50400
  ],
  "advantage_mean": [
    7.947285970052083e-09,
    1.3709068298339844e-08,
    -5.091230074564616e-09,
    1.053015391031901e-08,
    2.682209014892578e-09,
    1.5497207641601563e-08,
    9.934107462565104e-09,
    3.973642985026042e-09,
    4.271666208902995e-09,
    -5.265076955159505e-09,
    4.967053731282552e-10,
    -3.2782554626464844e-09,
    7.053216298421224e-09,
    7.425745328267416e-09
  ],
  "advantage_mean_T": [
    19200,
    21600,
    24000,
    26400,
    28800,
    31200,
    33600,
    36000,
    38400,
    40800,
    43200,
    45600,
    48000,
    50400
  ],
  "critic_loss": [
    0.49570566415786743,
    0.46282821893692017,
    0.44563496112823486,
    0.45963943004608154,
    0.4319719076156616,
    0.3542366921901703,
    0.37070924043655396,
    0.3046385645866394,
    0.25588005781173706,
    0.284965842962265,
    0.27934229373931885,
    0.3203658163547516,
    0.28942057490348816,
    0.3277571499347687
  ],
  "critic_loss_T": [
    19200,
    21600,
    24000,
    26400,
    28800,
    31200,
    33600,
    36000,
    38400,
    40800,
    43200,
    45600,
    48000,
    50400
  ],
  "entropy_loss": [
    6.256618022918701,
    6.258824348449707,
    6.25731086730957,
    6.2568039894104,
    6.255571365356445,
    6.254523277282715,
    6.253081798553467,
    6.251359939575195,
    6.250253677368164,
    6.248783588409424,
    6.246908664703369,
    6.245168209075928,
    6.243278980255127,
    6.24121618270874
  ],
  "entropy_loss_T": [
    19200,
    21600,
    24000,
    26400,
    28800,
    31200,
    33600,
    36000,
    38400,
    40800,
    43200,
    45600,
    48000,
    50400
  ],
  "ep_length_mean": [
    300.0,
    300.0,
    300.0,
    300.0,
    300.0,
    300.0,
    300.0,
    300.0,
    300.0,
    300.0,
    300.0,
    300.0,
    300.0,
    300.0,
    300.0,
    300.0,
    300.0,
    300.0,
    300.0,
    300.0,
    300.0,
    300.0
  ],
  "ep_length_mean_T": [
    2400,
    4800,
    7200,
    9600,
    12000,
    14400,
    16800,
    19200,
    21600,
    24000,
    26400,
    28800,
    31200,
    33600,
    36000,
    38400,
    40800,
    43200,
    45600,
    48000,
    50400,
    52800
  ],
  "episode": [
    8,
    16,
    24,
    32,
    40,
    48,
    56,
    64,
    72,
    80,
    88,
    96,
    104,
    112,
    120,
    128,
    136,
    144,
    152,
    160,
    168
  ],
  "episode_T": [
    2400,
    4800,
    7200,
    9600,
    12000,
    14400,
    16800,
    19200,
    21600,
    24000,
    26400,
    28800,
    31200,
    33600,
    36000,
    38400,
    40800,
    43200,
    45600,
    48000,
    50400
  ],
  "epsilon": [
    1.0,
    0.976,
    0.952,
    0.9279999999999999,
    0.904,
    0.88,
    0.856,
    0.832,
    0.808,
    0.784,
    0.76,
    0.736,
    0.712,
    0.688,
    0.6639999999999999,
    0.6399999999999999,
    0.616,
    0.592,
    0.568,
    0.544,
    0.52,
    0.496
  ],
  "epsilon_T": [
    2400,
    4800,
    7200,
    9600,
    12000,
    14400,
    16800,
    19200,
    21600,
    24000,
    26400,
    28800,
    31200,
    33600,
    36000,
    38400,
    40800,
    43200,
    45600,
    48000,
    50400,
    52800
  ],
  "grad_norm": [
    0.0929189381245755,
    0.20161067467560673,
    0.21719850383334,
    0.42090763060413,
    0.4512387078687648,
    0.5137560450683855,
    1.0039298558822543,
    1.339003080618952,
    1.160521044480645,
    0.5702237232774865,
    1.2335576683250435,
    1.6869901278487376,
    0.26359625967806855,
    2.9994403383955146
  ],
  "grad_norm_T": [
    19200,
    21600,
    24000,
    26400,
    28800,
    31200,
    33600,
    36000,
    38400,
    40800,
    43200,
    45600,
    48000,
    50400
  ],
  "lr": [
    0.0005,
    0.0005,
    0.0005,
    0.0005,
    0.0005,
    0.0005,
    0.0005,
    0.0005,
    0.0005,
    0.0005,
    0.0005,
    0.0005,
    0.0005,
    0.0005
  ],
  "lr_T": [
    19200,
    21600,
    24000,
    26400,
    28800,
    31200,
    33600,
    36000,
    38400,
    40800,
    43200,
    45600,
    48000,
    50400
  ],
  "return_mean": [
    -723.75,
    -816.875,
    -882.125,
    -405.125,
    -523.25,
    -1204.125,
    -505.5,
    -684.625,
    -1088.75,
    -1013.375,
    -611.625,
    -542.5,
    -1088.0,
    -794.75,
    -997.25,
    -1231.125,
    -708.875,
    -970.625,
    -31.0,
    -891.5,
    -684.75,
    -890.25
  ],
  "return_mean_T": [
    2400,
    4800,
    7200,
    9600,
    12000,
    14400,
    16800,
    19200,
    21600,
    24000,
    26400,
    28800,
    31200,
    33600,
    36000,
    38400,
    40800,
    43200,
    45600,
    48000,
    50400,
    52800
  ],
  "return_std": [
    819.1350239734595,
    518.2654815584383,
    536.4583948220029,
    714.9283945787857,
    835.8143857938795,
    256.2959410037545,
    846.7921822974041,
    857.7710850658234,
    373.60097363363496,
    512.8878867501162,
    717.3565949895491,
    625.3415066985399,
    475.86867936438097,
    828.2177778217514,
    544.1272254721316,
    41.684641956001016,
    610.7254779154051,
    503.33237962106114,
    857.0080221328153,
    644.4402610017471,
    698.7329157124344,
    540.5540560388017
  ],
  "return_std_T": [
    2400,
    4800,
    7200,
    9600,
    12000,
    14400,
    16800,
    19200,
    21600,
    24000,
    26400,
    28800,
    31200,
    33600,
    36000,
    38400,
    40800,
    43200,
    45600,
    48000,
    50400,
    52800
  ],
  "target_mean": [
    -8.145968119303385e-09,
    -0.1210936991373698,
    -0.22297335306803384,
    -0.2838653310139974,
    -0.3423657735188802,
    -0.4556550089518229,
    -0.48655766805013023,
    -0.4967149861653646,
    -0.5006774393717448,
    -0.4650240071614583,
    -0.42447830200195313,
    -0.43722335815429686,
    -0.4339337158203125,
    -0.4019684600830078
  ],
  "target_mean_T": [
    19200,
    21600,
    24000,
    26400,
    28800,
    31200,
    33600,
    36000,
    38400,
    40800,
    43200,
    45600,
    48000,
    50400
  ],
  "test_ep_length_mean": [
    300.0,
    300.0,
    300.0,
    300.0,
    300.0,
    300.0,
    300.0,
    300.0,
    300.0,
    300.0,
    300.0,
    300.0,
    300.0,
    300.0,
    300.0,
    300.0,
    300.0,
    300.0,
    300.0,
    300.0,
    300.0
  ],
  "test_ep_length_mean_T": [
    2400,
    4800,
    7200,
    9600,
    12000,
    14400,
    16800,
    19200,
    21600,
    24000,
    26400,
    28800,
    31200,
    33600,
    36000,
    38400,
    40800,
    43200,
    45600,
    48000,
    50400
  ],
  "test_return_mean": [
    -2448.625,
    -2474.325,
    -2299.175,
    -2521.375,
    -2388.45,
    -2415.625,
    -2562.125,
    -617.0,
    -418.225,
    -746.125,
    -1197.875,
    -632.275,
    -715.25,
    -483.4,
    -557.875,
    -389.75,
    -301.5,
    -546.95,
    -649.825,
    -704.625,
    -760.25
  ],
  "test_return_mean_T": [
    2400,
    4800,
    7200,
    9600,
    12000,
    14400,
    16800,
    19200,
    21600,
    24000,
    26400,
    28800,
    31200,
    33600,
    36000,
    38400,
    40800,
    43200,
    45600,
    48000,
    50400
  ],