{
  "agent_norm": [
    4.636752287230007,
    4.387124245692111,
    4.080019696591012,
    6.986883473824276
  ],
  "agent_norm_T": [
    12689,
    15017,
    17367,
    19767
  ],
  "central_loss": [
    4777.958984375,
    4903.912109375,
    5429.73193359375,
    4827.04541015625
  ],
  "central_loss_T": [
    12689,
    15017,
    17367,
    19767
  ],
  "ep_length_mean": [
    100.0,
    100.0,
    98.95833333333333,
    96.41666666666667,
    100.0,
    100.0,
    97.0,
    97.91666666666667,
    100.0
  ],
  "ep_length_mean_T": [
    800,
    3200,
    5575,
    7889,
    10289,
    12689,
    15017,
    17367,
    19767
  ],
  "episode": [
    24,
    48,
    72,
    96,
    120,
    144,
    168,
    192
  ],
  "episode_T": [
    2400,
    4775,
    7089,
    9489,
    11889,
    14217,
    16567,
    18967
  ],
  "epsilon": [
    1.0,
    0.9772,
    0.9546375,
    0.9326545,
    0.9098545,
    0.8870545,
    0.8649385,
    0.8426135,
    0.8198135
  ],
  "epsilon_T": [
    800,
    3200,
    5575,
    7889,
    10289,
    12689,
    15017,
    17367,
    19767
  ],
  "grad_norm": [
    316.10994570776654,
    320.75548432476575,
    362.7242548534011,
    728.9621417611481
  ],
  "grad_norm_T": [
    12689,
    15017,
    17367,
    19767
  ],
  "loss": [
    8162.84521484375,
    8505.859375,
    10067.794921875,
    8424.4765625
  ],
  "loss_T": [
    12689,
    15017,
    17367,
    19767
  ],
  "mixer_norm": [
    21.80460410541105,
    20.0078121193831,
    15.93808514840512,
    18.72782346870761
  ],
  "mixer_norm_T": [
    12689,
    15017,
    17367,
    19767
  ],
  "q_taken_mean": [
    0.4645410610321932,
    0.30735831192033497,
    0.1528796665497931,
    -0.012858268495733691
  ],
  "q_taken_mean_T": [
    12689,
    15017,
    17367,
    19767
  ],
  "qmix_loss": [
    3384.88623046875,
    3601.94677734375,
    4638.06298828125,
    3597.430908203125
  ],
  "qmix_loss_T": [
    12689,
    15017,
    17367,
    19767
  ],
  "return_mean": [
    -2850.625,
    -2947.0833333333335,
    -2902.125,
    -2748.5,
    -3184.875,
    -3185.8333333333335,
    -3068.875,
    -3018.4166666666665,
    -3442.7083333333335
  ],
  "return_mean_T": [
    800,
    3200,
    5575,
    7889,
    10289,
    12689,
    15017,
    17367,
    19767
  ],
  "return_std": [
    330.3690881045017,
    287.36633366179524,
    684.3785083623925,
    1079.976620117306,
    276.0065386453734,
    261.26465934416433,
    998.580755893917,
    895.5964919476231,
    328.985749332534
  ],
  "return_std_T": [
    800,
    3200,
    5575,
    7889,
    10289,
    12689,
    15017,
    17367,
    19767
  ],
  "target_mean": [
    -36.67466654188667,
    -36.98056082898275,
    -36.891160877695555,
    -38.10437682965424
  ],
  "target_mean_T": [
    12689,
    15017,
    17367,
    19767
  ],
  "td_error_abs": [
    85.70275435416502,
    86.04697634867901,
    87.37253322193045,
    87.56078408101907
  ],
  "td_error_abs_T": [
    12689,
    15017,
    17367,
    19767
  ],
  "test_ep_length_mean": [
    100.0,
    100.0,
    100.0,
    100.0,
    100.0,
    100.0,
    100.0,
    100.0,
    100.0
  ],
  "test_ep_length_mean_T": [
    800,
    3200,
    5575,
    7889,
    10289,
    12689,
    15017,
    17367,
    19767
  ],
  "test_return_mean": [
    -5854.166666666667,
    -5854.166666666667,
    -5895.833333333333,
    -5958.333333333333,
    -5895.833333333333,
    -5958.333333333333,
    -5812.5,
    -5937.5,
    -5916.666666666667
  ],
  "test_return_mean_T": [
    800,
    3200,
    5575,
    7889,
    10289,
    12689,
    15017,
    17367,
    19767
  ],
  "test_return_std": [
    269.2259996525018,
    227.26483572157738,
    203.05821551685344,
    138.19269959814164,
    203.05821551685344,
    199.8263134713633,
    347.9852726768764,
    165.3594569415369,
    186.33899812498245
  ],
  "test_return_std_T": [
    800,
    3200,
    5575,
    7889,
    10289,
    12689,
    15017,
    17367,
    19767
  ],
  "w_to_use": [
    0.12404650449752808,
    0.12355434149503708,
    0.12474966049194336,
    0.12271057814359665
  ],
  "w_to_use_T": [
    12689,
    15017,
    17367,
    19767
  ]
}