{
  "ep_length_mean": [
    300.0,
    300.0,
    300.0,
    300.0,
    300.0,
    300.0,
    300.0,
    300.0
  ],
  "ep_length_mean_T": [
    2400,
    4800,
    7200,
    9600,
    12000,
    14400,
    16800,
    19200
  ],
  "episode": [
    8,
    16,
    24,
    32,
    40,
    48,
    56
  ],
  "episode_T": [
    2400,
    4800,
    7200,
    9600,
    12000,
    14400,
    16800
  ],
  "epsilon": [
    1.0,
    0.976,
    0.952,
    0.9279999999999999,
    0.904,
    0.88,
    0.856,
    0.832
  ],
  "epsilon_T": [
    2400,
    4800,
    7200,
    9600,
    12000,
    14400,
    16800,
    19200
  ],
  "return_mean": [
    -896.875,
    -916.75,
    -1283.875,
    -886.25,
    -426.5,
    -900.875,
    -435.875,
    -829.375
  ],
  "return_mean_T": [
    2400,
    4800,
    7200,
    9600,
    12000,
    14400,
    16800,
    19200
  ],
  "return_std": [
    761.1418129199052,
    668.9674412854486,
    53.201121933658506,
    747.5016304330045,
    886.9398232123756,
    735.6657592786279,
    772.0141574964802,
    647.6588487583567
  ],
  "return_std_T": [
    2400,
    4800,
    7200,
    9600,
    12000,
    14400,
    16800,
    19200
  ],
  "test_ep_length_mean": [
    300.0,
    300.0,
    300.0,
    300.0,
    300.0,
    300.0,
    300.0
  ],
  "test_ep_length_mean_T": [
    2400,
    4800,
    7200,
    9600,
    12000,
    14400,
    16800
  ],
  "test_return_mean": [
    -1462.15,
    -1735.1,
    -1600.95,
    -1554.15,
    -1304.75,
    -1500.05,
    -1645.5
  ],
  "test_return_mean_T": [
    2400,
    4800,
    7200,
    9600,
    12000,
    14400,
    16800
  ],
  "test_return_std": [
    1244.1685888576355,
    1264.6262649494513,
    1238.5273503237624,
    1333.191463181489,
    1381.1596350530956,
    1312.9771123290764,
    1254.1646423017992
  ],
  "test_return_std_T": [
    2400,
    4800,
    7200,
    9600,
    12000,
    14400,
    16800
  ]
}