{
  "agent_norm": [
    5.129937771212963
  ],
  "agent_norm_T": [
    12794
  ],
  "central_loss": [
    4135.89794921875
  ],
  "central_loss_T": [
    12794
  ],
  "ep_length_mean": [
    100.0,
    100.0,
    100.0,
    100.0,
    100.0,
    99.75,
    100.0
  ],
  "ep_length_mean_T": [
    800,
    3200,
    5600,
    8000,
    10400,
    12794,
    15194
  ],
  "episode": [
    24,
    48,
    72,
    96,
    120,
    144
  ],
  "episode_T": [
    2400,
    4800,
    7200,
    9600,
    11994,
    14394
  ],
  "epsilon": [
    1.0,
    0.9772,
    0.9544,
    0.9316,
    0.9088,
    0.886057,
    0.863257
  ],
  "epsilon_T": [
    800,
    3200,
    5600,
    8000,
    10400,
    12794,
    15194
  ],
  "grad_norm": [
    318.21744827874835
  ],
  "grad_norm_T": [
    12794
  ],
  "loss": [
    6631.328125
  ],
  "loss_T": [
    12794
  ],
  "mixer_norm": [
    28.960979234537024
  ],
  "mixer_norm_T": [
    12794
  ],
  "q_taken_mean": [
    -0.07410612072034499
  ],
  "q_taken_mean_T": [
    12794
  ],
  "qmix_loss": [
    2495.430419921875
  ],
  "qmix_loss_T": [
    12794
  ],
  "return_mean": [
    -3049.25,
    -2924.7083333333335,
    -3103.9166666666665,
    -2923.6666666666665,
    -3017.75,
    -2806.7083333333335,
    -2880.0
  ],
  "return_mean_T": [
    800,
    3200,
    5600,
    8000,
    10400,
    12794,
    15194
  ],
  "return_std": [
    248.53156238192364,
    335.9084050708202,
    362.4144630882652,
    250.7332026056559,
    277.17221632046744,
    581.3811485854659,
    335.1768190075203
  ],
  "return_std_T": [
    800,
    3200,
    5600,
    8000,
    10400,
    12794,
    15194
  ],
  "target_mean": [
    -36.01415702673128
  ],
  "target_mean_T": [
    12794
  ],
  "td_error_abs": [
    81.19323022510552
  ],
  "td_error_abs_T": [
    12794
  ],
  "test_ep_length_mean": [
    100.0,
    100.0,
    100.0,
    100.0,
    100.0,
    100.0
  ],
  "test_ep_length_mean_T": [
    800,
    3200,
    5600,
    8000,
    10400,
    12794
  ],
  "test_return_mean": [
    -4240.833333333333,
    -3880.4166666666665,
    -3885.0,
    -4278.75,
    -3658.75,
    -4470.416666666667
  ],
  "test_return_mean_T": [
    800,
    3200,
    5600,
    8000,
    10400,
    12794
  ],
  "test_return_std": [
    1130.8621956523066,
    1184.2032453885984,
    1290.6458331651897,
    1134.7257836881415,
    1338.6974779613204,
    1625.4729546777728
  ],
  "test_return_std_T": [
    800,
    3200,
    5600,
    8000,
    10400,
    12794
  ],
  "w_to_use": [
    0.12109342217445374
  ],
  "w_to_use_T": [
    12794
  ]
}