{
  "ep_length_mean": [
    95.625,
    99.25,
    100.0,
    97.375,
    100.0,
    99.45833333333333,
    100.0,
    100.0,
    97.20833333333333,
    100.0
  ],
  "ep_length_mean_T": [
    765,
    3147,
    5547,
    7884,
    10284,
    12671,
    15071,
    17471,
    19804,
    22204
  ],
  "episode": [
    24,
    48,
    72,
    96,
    120,
    144,
    168,
    192,
    216
  ],
  "episode_T": [
    2347,
    4747,
    7084,
    9484,
    11871,
    14271,
    16671,
    19004,
    21404
  ],
  "epsilon": [
    1.0,
    0.9955407000000001,
    0.9909807,
    0.9865404,
    0.9819804,
    0.9774451,
    0.9728851000000001,
    0.9683251,
    0.9638924,
    0.9593324
  ],
  "epsilon_T": [
    765,
    3147,
    5547,
    7884,
    10284,
    12671,
    15071,
    17471,
    19804,
    22204
  ],
  "grad_norm": [
    611.740147731036,
    507.0100023853593,
    660.1819359037662,
    737.8971842380508
  ],
  "grad_norm_T": [
    12671,
    15071,
    17471,
    19804
  ],
  "loss_td": [
    2555.305908203125,
    2402.820068359375,
    1988.0562744140625,
    1979.1251220703125
  ],
  "loss_td_T": [
    12671,
    15071,
    17471,
    19804
  ],
  "q_taken_mean": [
    0.5892085335115619,
    -2.7718640251361375,
    -7.381165699498118,
    -16.585707775223906
  ],
  "q_taken_mean_T": [
    12671,
    15071,
    17471,
    19804
  ],
  "return_mean": [
    -2409.375,
    -2864.9583333333335,
    -3017.7916666666665,
    -2740.2916666666665,
    -2948.75,
    -2731.6666666666665,
    -2874.7916666666665,
    -2792.5,
    -2790.0,
    -2658.1666666666665
  ],
  "return_mean_T": [
    765,
    3147,
    5547,
    7884,
    10284,
    12671,
    15071,
    17471,
    19804,
    22204
  ],
  "return_std": [
    1208.9599804687498,
    576.7317746843462,
    274.8742104985883,
    891.6140083750117,
    277.800025497959,
    555.7393473762878,
    291.51071723675767,
    392.5520135387581,
    1015.2460703363167,
    185.35116820661142
  ],
  "return_std_T": [
    765,
    3147,
    5547,
    7884,
    10284,
    12671,
    15071,
    17471,
    19804,
    22204
  ],
  "target_mean": [
    -19.113191539736405,
    -19.133353227843106,
    -19.389840809284816,
    -19.323176319648095
  ],
  "target_mean_T": [
    12671,
    15071,
    17471,
    19804
  ],
  "td_error_abs": [
    2555.3059742719597,
    2402.819982637519,
    1988.05630489335,
    1979.1251486090196
  ],
  "td_error_abs_T": [
    12671,
    15071,
    17471,
    19804
  ],
  "test_ep_length_mean": [
    100.0,
    100.0,
    100.0,
    100.0,
    100.0,
    100.0,
    100.0,
    100.0,
    100.0
  ],
  "test_ep_length_mean_T": [
    765,
    3147,
    5547,
    7884,
    10284,
    12671,
    15071,
    17471,
    19804
  ],
  "test_return_mean": [
    -4037.5,
    -4262.5,
    -4262.5,
    -4062.5,
    -3725.0,
    -5952.5,
    -5875.0,
    -5958.333333333333,
    -5429.166666666667
  ],
  "test_return_mean_T": [
    765,
    3147,
    5547,
    7884,
    10284,
    12671,
    15071,
    17471,
    19804
  ],
  "test_return_std": [
    689.089072616886,
    338.886042793149,
    338.886042793149,
    514.6297212559725,
    794.9056547792322,
    198.81419298765704,
    330.7189138830738,
    199.8263134713633,
    966.2984212389509
  ],
  "test_return_std_T": [
    765,
    3147,
    5547,
    7884,
    10284,
    12671,
    15071,
    17471,
    19804
  ]
}