{
  "ep_length_mean": [
    500.0,
    500.0,
    500.0,
    500.0,
    500.0,
    500.0,
    500.0,
    500.0,
    500.0,
    500.0,
    500.0,
    500.0,
    500.0,
    500.0,
    500.0,
    500.0
  ],
  "ep_length_mean_T": [
    2000,
    4000,
    6000,
    8000,
    10000,
    12000,
    14000,
    16000,
    18000,
    20000,
    22000,
    24000,
    26000,
    28000,
    30000,
    32000
  ],
  "episode": [
    4,
    8,
    12,
    16,
    20,
    24,
    28,
    32,
    36,
    40,
    44,
    48,
    52,
    56,
    60
  ],
  "episode_T": [
    2000,
    4000,
    6000,
    8000,
    10000,
    12000,
    14000,
    16000,
    18000,
    20000,
    22000,
    24000,
    26000,
    28000,
    30000
  ],
  "epsilon": [
    1.0,
    0.981,
    0.962,
    0.9430000000000001,
    0.924,
    0.905,
    0.886,
    0.867,
    0.8480000000000001,
    0.829,
    0.81,
    0.791,
    0.772,
    0.753,
    0.734,
    0.7150000000000001
  ],
  "epsilon_T": [
    2000,
    4000,
    6000,
    8000,
    10000,
    12000,
    14000,
    16000,
    18000,
    20000,
    22000,
    24000,
    26000,
    28000,
    30000,
    32000
  ],
  "return_mean": [
    -605.5,
    -1376.5,
    -1665.0,
    -1282.25,
    77.5,
    -1013.0,
    -1002.5,
    -929.25,
    -1098.25,
    -816.75,
    -886.25,
    -1033.75,
    -800.0,
    -782.75,
    -989.75,
    -1686.75
  ],
  "return_mean_T": [
    2000,
    4000,
    6000,
    8000,
    10000,
    12000,
    14000,
    16000,
    18000,
    20000,
    22000,
    24000,
    26000,
    28000,
    30000,
    32000
  ],
  "return_std": [
    83.09783390678724,
    852.2325093541082,
    633.5420270195183,
    686.4209258902296,
    328.3538487668448,
    1028.6041512651989,
    707.3745471813359,
    721.3502529978069,
    800.6820139730878,
    730.406179806825,
    629.8140102442943,
    621.4931113857981,
    1021.5510266256894,
    778.1353914968782,
    554.8276196261322,
    374.44383757781355
  ],
  "return_std_T": [
    2000,
    4000,
    6000,
    8000,
    10000,
    12000,
    14000,
    16000,
    18000,
    20000,
    22000,
    24000,
    26000,
    28000,
    30000,
    32000
  ],
  "test_ep_length_mean": [
    500.0,
    500.0
  ],
  "test_ep_length_mean_T": [
    2000,
    22000
  ],
  "test_return_mean": [
    -625.2083333333334,
    -625.2083333333334
  ],
  "test_return_mean_T": [
    2000,
    22000
  ],
  "test_return_std": [
    1082.411927870911,
    1082.411927870911
  ],
  "test_return_std_T": [
    2000,
    22000
  ]
}