{
  "actor_loss": [
    1.008798599243164,
    1.0801317691802979,
    1.261361837387085,
    0.9816920757293701
  ],
  "actor_loss_T": [
    85,
    2098,
    4099,
    6109
  ],
  "advantage_mean": [
    -1.146492722455193,
    -1.3114264806111653,
    -1.4362617655003325,
    -1.112830141757397
  ],
  "advantage_mean_T": [
    85,
    2098,
    4099,
    6109
  ],
  "critic_loss": [
    1.8835034370422363,
    0.6453997492790222,
    1.042027235031128,
    1.0675841569900513
  ],
  "critic_loss_T": [
    85,
    2098,
    4099,
    6109
  ],
  "entropy_loss": [
    2.757012128829956,
    2.487380266189575,
    2.718412399291992,
    2.673881769180298
  ],
  "entropy_loss_T": [
    85,
    2098,
    4099,
    6109
  ],
  "ep_length_mean": [
    1.0,
    1.3331117021276595,
    1.3324468085106382,
    1.3236842105263158
  ],
  "ep_length_mean_T": [
    8,
    2013,
    4017,
    6029
  ],
  "episode": [
    1504,
    3008,
    4520
  ],
  "episode_T": [
    2002,
    4005,
    6006
  ],
  "epsilon": [
    1.0,
    0.97998,
    0.95995,
    0.93985
  ],
  "epsilon_T": [
    8,
    2013,
    4017,
    6029
  ],
  "grad_norm": [
    3.774338797807806,
    0.2760494940058363,
    0.7755671669138325,
    0.609700917398405
  ],
  "grad_norm_T": [
    85,
    2098,
    4099,
    6109
  ],
  "lr": [
    0.0005,
    0.0005,
    0.0005,
    0.0005
  ],
  "lr_T": [
    85,
    2098,
    4099,
    6109
  ],
  "return_mean": [
    -46.875,
    -25.95279255319149,
    -28.74933510638298,
    -28.464473684210525
  ],
  "return_mean_T": [
    8,
    2013,
    4017,
    6029
  ],
  "return_std": [
    38.70864728972068,
    35.59813421732715,
    36.43068048967649,
    36.23080327983274
  ],
  "return_std_T": [
    8,
    2013,
    4017,
    6029
  ],
  "target_mean": [
    -1.1479907765107997,
    -0.6615068117777506,
    -0.9480703637955037,
    -0.822139821154006
  ],
  "target_mean_T": [
    85,
    2098,
    4099,
    6109
  ],
  "test_ep_length_mean": [
    1.0,
    1.0,
    1.0,
    1.0
  ],
  "test_ep_length_mean_T": [
    8,
    2013,
    4017,
    6029
  ],
  "test_return_mean": [
    -15.375,
    -20.375,
    -21.0,
    -23.5
  ],
  "test_return_mean_T": [
    8,
    2013,
    4017,
    6029
  ],
  "test_return_std": [
    29.46793808531571,
    29.99348887675457,
    30.0,
    29.895651857753496
  ],
  "test_return_std_T": [
    8,
    2013,
    4017,
    6029
  ]
}