{
  "actor_loss": [
    0.5538107752799988,
    0.9666990637779236,
    0.5192599892616272,
    0.6794633269309998,
    0.9954831004142761,
    0.9029383659362793,
    0.9307357668876648,
    1.1131185293197632,
    1.0471253395080566,
    0.8145989775657654,
    0.6534000635147095,
    1.0965124368667603,
    0.9440622925758362,
    0.8995352387428284,
    0.6942707300186157,
    0.93630450963974,
    0.822900116443634,
    0.7846889495849609,
    0.7033162117004395,
    0.6446331143379211,
    1.2159277200698853,
    0.8966506719589233,
    0.9549959897994995,
    0.6951867938041687,
    0.8699750304222107,
    1.1752839088439941
  ],
  "actor_loss_T": [
    88,
    2095,
    4100,
    6102,
    8105,
    10114,
    12123,
    14128,
    16134,
    18136,
    20139,
    22144,
    24147,
    26151,
    28160,
    30167,
    32174,
    34185,
    36188,
    38188,
    40197,
    42202,
    44206,
    46213,
    48217,
    50219
  ],
  "advantage_mean": [
    -0.6412850726734508,
    -1.039900906114693,
    -0.6250783161944654,
    -0.8183082870290249,
    -1.0893905639648438,
    -0.9849098779821909,
    -1.0017455663436499,
    -1.1854226755541424,
    -1.08950168271608,
    -0.8967734150502874,
    -0.7188117532169118,
    -1.1484128861200242,
    -0.963948777142693,
    -0.9371279761904762,
    -0.7994084185864552,
    -1.004758076495435,
    -0.8818303485249364,
    -0.822825813293457,
    -0.752548581077939,
    -0.7342787010725155,
    -1.251354539250753,
    -0.9874503395774148,
    -1.0312452969485766,
    -0.7855719071400317,
    -0.8976086000852947,
    -1.2884190336186836
  ],
  "advantage_mean_T": [
    88,
    2095,
    4100,
    6102,
    8105,
    10114,
    12123,
    14128,
    16134,
    18136,
    20139,
    22144,
    24147,
    26151,
    28160,
    30167,
    32174,
    34185,
    36188,
    38188,
    40197,
    42202,
    44206,
    46213,
    48217,
    50219
  ],
  "critic_loss": [
    0.8168931603431702,
    1.0649877786636353,
    1.447445273399353,
    2.2835943698883057,
    1.9908802509307861,
    2.8228631019592285,
    1.8221828937530518,
    1.0133103132247925,
    1.021589756011963,
    0.8905155658721924,
    0.6704726815223694,
    0.9070283770561218,
    1.2257484197616577,
    1.2939037084579468,
    3.326047897338867,
    1.3449863195419312,
    1.226896047592163,
    0.49689292907714844,
    0.30074623227119446,
    0.5621572136878967,
    1.3846672773361206,
    0.8071458339691162,
    0.6083142757415771,
    0.6934295296669006,
    0.5707124471664429,
    0.7579758763313293
  ],
  "critic_loss_T": [
    88,
    2095,
    4100,
    6102,
    8105,
    10114,
    12123,
    14128,
    16134,
    18136,
    20139,
    22144,
    24147,
    26151,
    28160,
    30167,
    32174,
    34185,
    36188,
    38188,
    40197,
    42202,
    44206,
    46213,
    48217,
    50219
  ],
  "entropy_loss": [
    2.756993532180786,
    2.7168128490448,
    2.6372454166412354,
    2.6403520107269287,
    2.683236598968506,
    2.6903905868530273,
    2.7180185317993164,
    2.715275287628174,
    2.716076135635376,
    2.695411443710327,
    2.7240467071533203,
    2.701880693435669,
    2.693347692489624,
    2.712128162384033,
    2.7216553688049316,
    2.6834986209869385,
    2.6694374084472656,
    2.630939483642578,
    2.6806459426879883,
    2.6392369270324707,
    2.7076120376586914,
    2.658268451690674,
    2.688164234161377,
    2.679687976837158,
    2.6221954822540283,
    2.675978899002075
  ],
  "entropy_loss_T": [
    88,
    2095,
    4100,
    6102,
    8105,
    10114,
    12123,
    14128,
    16134,
    18136,
    20139,
    22144,
    24147,
    26151,
    28160,
    30167,
    32174,
    34185,
    36188,
    38188,
    40197,
    42202,
    44206,
    46213,
    48217,
    50219
  ],
  "ep_length_mean": [
    1.875,
    1.3203947368421052,
    1.3422459893048129,
    1.331781914893617,
    1.3177631578947369,
    1.3171052631578948,
    1.3121727748691099,
    1.3134816753926701,
    1.3177631578947369,
    1.3108638743455496,
    1.3234126984126984,
    1.3102094240837696,
    1.3011658031088082,
    1.3371010638297873,
    1.331781914893617,
    1.318421052631579,
    1.3134816753926701,
    1.3046875,
    1.2938144329896908,
    1.3217105263157896,
    1.2493781094527363,
    1.2899484536082475,
    1.278061224489796,
    1.278061224489796,
    1.2893041237113403,
    1.2690355329949239
  ],
  "ep_length_mean_T": [
    15,
    2022,
    4030,
    6033,
    8036,
    10038,
    12043,
    14050,
    16053,
    18056,
    20057,
    22059,
    24068,
    26079,
    28082,
    30086,
    32093,
    34097,
    36105,
    38114,
    40123,
    42125,
    44129,
    46133,
    48134,
    50134
  ],
  "episode": [
    1512,
    3000,
    4504,
    6024,
    7552,
    9072,
    10592,
    12112,
    13648,
    15160,
    16688,
    18232,
    19728,
    21232,
    22752,
    24280,
    25816,
    27368,
    28888,
    30488,
    32048,
    33616,
    35184,
    36736,
    38320
  ],
  "episode_T": [
    2000,
    4001,
    6003,
    8006,
    10011,
    12011,
    14012,
    16012,
    18021,
    20025,
    22025,
    24032,
    26035,
    28041,
    30045,
    32050,
    34058,
    36062,
    38071,
    40075,
    42082,
    44084,
    46090,
    48095,
    50098
  ],
  "epsilon": [
    1.0,
    0.9809145,
    0.9618005000000001,
    0.942791,
    0.9237625,
    0.904772,
    0.885677,
    0.8666105,
    0.8475820000000001,
    0.8285915,
    0.809544,
    0.7905345,
    0.771449,
    0.7523635,
    0.7333160000000001,
    0.714259,
    0.6952305000000001,
    0.6761545,
    0.6571070000000001,
    0.6380405,
    0.6189265,
    0.599917,
    0.5809075000000001,
    0.5618695,
    0.5428315000000001,
    0.5238695
  ],
  "epsilon_T": [
    15,
    2022,
    4030,
    6033,
    8036,
    10038,
    12043,
    14050,
    16053,
    18056,
    20057,
    22059,
    24068,
    26079,
    28082,
    30086,
    32093,
    34097,
    36105,
    38114,
    40123,
    42125,
    44129,
    46133,
    48134,
    50134
  ],
  "grad_norm": [
    1.1055983258167772,
    0.8785112498792647,
    0.5127577296322562,
    1.9627661966210277,
    0.9864952085460927,
    0.9180844493626075,
    0.4276841590438719,
    0.7702112849025816,
    0.5765191452661108,
    0.3660316173099819,
    0.2835416311261338,
    0.2946875762957337,
    0.5702327197555788,
    0.6117064497967836,
    1.120706287448744,
    0.6793826143676107,
    0.35503891665491166,
    0.21290603510102038,
    0.19883065545901477,
    0.49894434984118013,
    0.40640047988975614,
    0.2225190406683775,
    0.3484725647372204,
    0.2560461770684433,
    0.4781007710627137,
    0.26393102908317395
  ],
  "grad_norm_T": [
    88,
    2095,
    4100,
    6102,
    8105,
    10114,
    12123,
    14128,
    16134,
    18136,
    20139,
    22144,
    24147,
    26151,
    28160,
    30167,
    32174,
    34185,
    36188,
    38188,
    40197,
    42202,
    44206,
    46213,
    48217,
    50219
  ],
  "lr": [
    0.0005,
    0.0005,
    0.0005,
    0.0005,
    0.0005,
    0.0005,
    0.0005,
    0.0005,
    0.0005,
    0.0005,
    0.0005,
    0.0005,
    0.0005,
    0.0005,
    0.0005,
    0.0005,
    0.0005,
    0.0005,
    0.0005,
    0.0005,
    0.0005,
    0.0005,
    0.0005,
    0.0005,
    0.0005,
    0.0005
  ],
  "lr_T": [
    88,
    2095,
    4100,
    6102,
    8105,
    10114,
    12123,
    14128,
    16134,
    18136,
    20139,
    22144,
    24147,
    26151,
    28160,
    30167,
    32174,
    34185,
    36188,
    38188,
    40197,
    42202,
    44206,
    46213,
    48217,
    50219
  ],