{
  "ep_length_mean": [
    300.0,
    300.0,
    300.0,
    300.0
  ],
  "ep_length_mean_T": [
    2400,
    4800,
    7200,
    9600
  ],
  "episode": [
    8,
    16,
    24
  ],
  "episode_T": [
    2400,
    4800,
    7200
  ],
  "epsilon": [
    0.0,
    0.0,
    0.0,
    0.0
  ],
  "epsilon_T": [
    2400,
    4800,
    7200,
    9600
  ],
  "return_mean": [
    -702.75,
    -754.125,
    -535.125,
    -352.625
  ],
  "return_mean_T": [
    2400,
    4800,
    7200,
    9600
  ],
  "return_std": [
    651.8925812585996,
    636.1429551405879,
    546.8423990282757,
    828.1610558188546
  ],
  "return_std_T": [
    2400,
    4800,
    7200,
    9600
  ],
  "test_ep_length_mean": [
    300.0,
    300.0,
    300.0
  ],
  "test_ep_length_mean_T": [
    2400,
    4800,
    7200
  ],
  "test_return_mean": [
    -903.775,
    -893.45,
    -942.35
  ],
  "test_return_mean_T": [
    2400,
    4800,
    7200
  ],
  "test_return_std": [
    842.4087038813168,
    748.9991305068385,
    769.8265242897259
  ],
  "test_return_std_T": [
    2400,
    4800,
    7200
  ]
}