{
  "ep_length_mean": [
    30.0,
    30.0,
    30.0,
    30.0,
    30.0,
    30.0,
    29.819444444444443,
    29.916666666666668
  ],
  "ep_length_mean_T": [
    240,
    2400,
    4560,
    6720,
    8880,
    11040,
    13187,
    15341
  ],
  "episode": [
    72,
    144,
    216,
    288,
    360,
    432,
    504
  ],
  "episode_T": [
    2160,
    4320,
    6480,
    8640,
    10800,
    12947,
    15101
  ],
  "epsilon": [
    1.0,
    0.97948,
    0.95896,
    0.93844,
    0.9179200000000001,
    0.8974,
    0.8770035,
    0.8565405
  ],
  "epsilon_T": [
    240,
    2400,
    4560,
    6720,
    8880,
    11040,
    13187,
    15341
  ],
  "grad_norm": [
    7.163707377323512,
    13.21462972041888,
    42.2682857394659,
    48.688152138674596,
    33.39471997662919,
    32.27977643243007
  ],
  "grad_norm_T": [
    3840,
    6000,
    8160,
    10320,
    12467,
    14621
  ],
  "loss_td": [
    5380.77197265625,
    5487.65283203125,
    6024.61376953125,
    10055.267578125,
    8678.091796875,
    11940.9453125
  ],
  "loss_td_T": [
    3840,
    6000,
    8160,
    10320,
    12467,
    14621
  ],
  "q_taken_mean": [
    0.005728514492511749,
    -0.07475002606709798,
    -0.3280241330464681,
    -1.0629252751668294,
    -1.830176289876302,
    -2.450915677260256
  ],
  "q_taken_mean_T": [
    3840,
    6000,
    8160,
    10320,
    12467,
    14621
  ],
  "return_mean": [
    -561.75,
    -822.7361111111111,
    -833.9027777777778,
    -810.75,
    -761.4861111111111,
    -530.8888888888889,
    -717.0277777777778,
    -615.5694444444445
  ],
  "return_mean_T": [
    240,
    2400,
    4560,
    6720,
    8880,
    11040,
    13187,
    15341
  ],
  "return_std": [
    625.7966422888509,
    250.7926319721997,
    309.7768982008675,
    314.592803389468,
    505.45919697548163,
    743.150679269531,
    691.2850949946255,
    677.4732841470759
  ],
  "return_std_T": [
    240,
    2400,
    4560,
    6720,
    8880,
    11040,
    13187,
    15341
  ],
  "target_mean": [
    -61.841312662760416,
    -61.72999674479167,
    -62.789530436197914,
    -55.65232747395833,
    -55.20115966796875,
    -51.014608374706036
  ],
  "target_mean_T": [
    3840,
    6000,
    8160,
    10320,
    12467,
    14621
  ],
  "td_error_abs": [
    5380.771875,
    5487.652604166667,
    6024.613541666667,
    10055.267708333333,
    8678.091666666667,
    11940.944865429841
  ],
  "td_error_abs_T": [
    3840,
    6000,
    8160,
    10320,
    12467,
    14621
  ],
  "test_ep_length_mean": [
    30.0,
    30.0,
    30.0,
    30.0,
    30.0,
    30.0,
    30.0
  ],
  "test_ep_length_mean_T": [
    240,
    2400,
    4560,
    6720,
    8880,
    11040,
    13187
  ],
  "test_return_mean": [
    -1200.0,
    -1200.0,
    -1200.0,
    -1191.0,
    -1200.0,
    -1200.0,
    -1200.0
  ],
  "test_return_mean_T": [
    240,
    2400,
    4560,
    6720,
    8880,
    11040,
    13187
  ],
  "test_return_std": [
    0.0,
    0.0,
    0.0,
    0.0,
    0.0,
    0.0,
    0.0
  ],
  "test_return_std_T": [
    240,
    2400,
    4560,
    6720,
    8880,
    11040,
    13187
  ]
}