{
  "agent_grad_norm": [
    0.09276287479714039,
    0.934725852851407,
    0.9445622036665344,
    0.6839157413707034,
    0.014714001158132576
  ],
  "agent_grad_norm_T": [
    94,
    2111,
    4121,
    6122,
    8132
  ],
  "coma_loss": [
    0.2988298237323761,
    -10.799728393554688,
    -10.578437805175781,
    -1.2690140008926392,
    -10.553184509277344
  ],
  "coma_loss_T": [
    94,
    2111,
    4121,
    6122,
    8132
  ],
  "critic_grad_norm": [
    845.365520124102,
    714.1892836383872,
    583.0474533362059,
    1262.523241651698,
    1192.8244098671971
  ],
  "critic_grad_norm_T": [
    94,
    2111,
    4121,
    6122,
    8132
  ],
  "critic_loss": [
    2249.893325805664,
    431.51756795247394,
    673.9533756573995,
    482.0028284390767,
    558.7277628580729
  ],
  "critic_loss_T": [
    94,
    2111,
    4121,
    6122,
    8132
  ],
  "ep_length_mean": [
    1.0,
    1.540644171779141,
    1.7369791666666667,
    1.7883928571428571,
    1.7910714285714286
  ],
  "ep_length_mean_T": [
    8,
    2017,
    4018,
    6021,
    8027
  ],
  "episode": [
    1304,
    2464,
    3584,
    4704
  ],
  "episode_T": [
    2006,
    4018,
    6021,
    8027
  ],
  "epsilon": [
    0.5,
    0.4981946,
    0.4963973,
    0.4945964,
    0.4927865
  ],
  "epsilon_T": [
    8,
    2017,
    4018,
    6021,
    8027
  ],
  "pi_max": [
    0.06847659070441063,
    0.29899928149055033,
    0.24183294508192274,
    0.2705786568777902,
    0.50739501953125
  ],
  "pi_max_T": [
    94,
    2111,
    4121,
    6122,
    8132
  ],
  "q_max_first": [
    0.0974973738193512,
    1.8124971389770508,
    1.9116838773091633,
    2.0900856653849282,
    2.4074740409851074
  ],
  "q_max_first_T": [
    94,
    2111,
    4121,
    6122,
    8132
  ],
  "q_max_mean": [
    -0.7032387710969391,
    1.937071686026491,
    1.898907273653558,
    2.090823973297442,
    2.1937318921376225
  ],
  "q_max_mean_T": [
    94,
    2111,
    4121,
    6122,
    8132
  ],
  "q_max_var": [
    NaN,
    NaN,
    NaN,
    NaN,
    NaN
  ],
  "q_max_var_T": [
    94,
    2111,
    4121,
    6122,
    8132
  ],
  "q_min_first": [
    -0.1922729810078939,
    -19.59073766072591,
    -25.072789510091145,
    -27.51703389485677,
    -25.196454366048176
  ],
  "q_min_first_T": [
    94,
    2111,
    4121,
    6122,
    8132
  ],
  "q_min_mean": [
    -1.6026245389861622,
    -20.31156371316792,
    -26.402613041998496,
    -26.8148170249172,
    -26.077065041026668
  ],
  "q_min_mean_T": [
    94,
    2111,
    4121,
    6122,
    8132
  ],
  "q_min_var": [
    NaN,
    NaN,
    NaN,
    NaN,
    NaN
  ],
  "q_min_var_T": [
    94,
    2111,
    4121,
    6122,
    8132
  ],
  "q_taken_mean": [
    -5.422087115486779,
    -22.78021500198929,
    -33.45149478271642,
    -30.351445399894914,
    -41.54994526593978
  ],
  "q_taken_mean_T": [
    94,
    2111,
    4121,
    6122,
    8132
  ],
  "return_mean": [
    -38.0,
    -29.129601226993866,
    -28.647569444444443,
    -27.474107142857143,
    -27.7
  ],
  "return_mean_T": [
    8,
    2017,
    4018,
    6021,
    8027
  ],
  "return_std": [
    42.561719890060836,
    36.071876710417115,
    35.869905188877574,
    36.33385927148324,
    35.17760042169692
  ],
  "return_std_T": [
    8,
    2017,
    4018,
    6021,
    8027
  ],
  "target_mean": [
    -33.63826764019899,
    -32.41680492824978,
    -46.11549171230897,
    -24.06192943028041,
    -54.394684574935106
  ],
  "target_mean_T": [
    94,
    2111,
    4121,
    6122,
    8132
  ],
  "td_error_abs": [
    36.470101464437654,
    13.732061621583538,
    15.060459675406918,
    12.09552096815967,
    15.417790860487855
  ],
  "td_error_abs_T": [
    94,
    2111,
    4121,
    6122,
    8132
  ],
  "test_ep_length_mean": [
    6.0,
    6.0,
    6.0,
    6.0,
    6.0
  ],
  "test_ep_length_mean_T": [
    8,
    2017,
    4018,
    6021,
    8027
  ],
  "test_return_mean": [
    -12.0,
    -12.0,
    -12.0,
    -12.0,
    -12.0
  ],
  "test_return_mean_T": [
    8,
    2017,
    4018,
    6021,
    8027
  ],
  "test_return_std": [
    0.0,
    0.0,
    0.0,
    0.0,
    0.0
  ],
  "test_return_std_T": [
    8,
    2017,
    4018,
    6021,
    8027
  ]
}