{
  "agent_norm": [
    9.493635249440503,
    570.1349428669167,
    841.1029511015128,
    865.8801506685252,
    3169.2617488977403,
    1821.9423365480923,
    3486.9892035045937,
    2173.001045503659,
    3709.7319115925347,
    2505.8502210841457,
    7182.8730317587415,
    2536.0283468212774,
    5155.186093593672
  ],
  "agent_norm_T": [
    1280,
    3280,
    5280,
    7280,
    9280,
    11356,
    13356,
    15356,
    17356,
    19356,
    21356,
    23356,
    25356
  ],
  "central_loss": [
    4123.0400390625,
    3034.829345703125,
    1832.4683837890625,
    1896.762451171875,
    4480.95068359375,
    2017.2435302734375,
    2787.5625,
    2031.536865234375,
    5452.39990234375,
    2949.779052734375,
    5907.8720703125,
    2528.580322265625,
    6011.23681640625
  ],
  "central_loss_T": [
    1280,
    3280,
    5280,
    7280,
    9280,
    11356,
    13356,
    15356,
    17356,
    19356,
    21356,
    23356,
    25356
  ],
  "ep_length_mean": [
    10.0,
    10.0,
    10.0,
    10.0,
    10.0,
    10.0,
    9.98076923076923,
    10.0,
    10.0,
    10.0,
    10.0,
    10.0,
    10.0
  ],
  "ep_length_mean_T": [
    80,
    2080,
    4080,
    6080,
    8080,
    10080,
    12156,
    14156,
    16156,
    18156,
    20156,
    22156,
    24156
  ],
  "episode": [
    200,
    400,
    600,
    800,
    1000,
    1208,
    1408,
    1608,
    1808,
    2008,
    2208,
    2408
  ],
  "episode_T": [
    2000,
    4000,
    6000,
    8000,
    10000,
    12076,
    14076,
    16076,
    18076,
    20076,
    22076,
    24076
  ],
  "epsilon": [
    1.0,
    0.981,
    0.962,
    0.9430000000000001,
    0.924,
    0.905,
    0.885278,
    0.866278,
    0.847278,
    0.8282780000000001,
    0.809278,
    0.790278,
    0.771278
  ],
  "epsilon_T": [
    80,
    2080,
    4080,
    6080,
    8080,
    10080,
    12156,
    14156,
    16156,
    18156,
    20156,
    22156,
    24156
  ],
  "grad_norm": [
    261.89294830613204,
    5923.711095832015,
    1229.9142062358633,
    1012.3082502195866,
    3728.5375663861855,
    1873.773954201486,
    3562.984893693897,
    2256.5096454142426,
    4039.0489240942984,
    2709.864547443386,
    9411.003062391408,
    4755.403014462717,
    8923.776570387434
  ],
  "grad_norm_T": [
    1280,
    3280,
    5280,
    7280,
    9280,
    11356,
    13356,
    15356,
    17356,
    19356,
    21356,
    23356,
    25356
  ],
  "loss": [
    7992.576171875,
    6515.81103515625,
    4192.541015625,
    4149.4775390625,
    8859.7802734375,
    4623.28125,
    5769.6328125,
    4048.83984375,
    12548.9013671875,
    5334.8896484375,
    10642.578125,
    4746.01953125,
    9085.2890625
  ],
  "loss_T": [
    1280,
    3280,
    5280,
    7280,
    9280,
    11356,
    13356,
    15356,
    17356,
    19356,
    21356,
    23356,
    25356
  ],
  "mixer_norm": [
    100.64748276294613,
    335.2304194370481,
    201.5531509154882,
    292.07690973161294,
    885.0564527482238,
    285.65785511187926,
    408.8596129914279,
    343.8055485003329,
    537.4153882816322,
    692.2746331399547,
    2042.5551747681527,
    511.1348652643044,
    1749.063635021276
  ],
  "mixer_norm_T": [
    1280,
    3280,
    5280,
    7280,
    9280,
    11356,
    13356,
    15356,
    17356,
    19356,
    21356,
    23356,
    25356
  ],
  "q_taken_mean": [
    0.6317541599273682,
    -4.2332275390625,
    0.6399200916290283,
    1.5789935111999511,
    12.920393371582032,
    8.109813690185547,
    15.70567626953125,
    11.804103088378906,
    17.000485229492188,
    15.72064208984375,
    7.3110595703125,
    -0.08343639373779296,
    5.882134416634012
  ],
  "q_taken_mean_T": [
    1280,
    3280,
    5280,
    7280,
    9280,
    11356,
    13356,
    15356,
    17356,
    19356,
    21356,
    23356,
    25356
  ],
  "qmix_loss": [
    3869.536376953125,
    3480.981689453125,
    2360.07275390625,
    2252.715087890625,
    4378.82958984375,
    2606.037841796875,
    2982.070068359375,
    2017.302978515625,
    7096.50146484375,
    2385.11083984375,
    4734.70556640625,
    2217.43896484375,
    3074.052001953125
  ],
  "qmix_loss_T": [
    1280,
    3280,
    5280,
    7280,
    9280,
    11356,
    13356,
    15356,
    17356,
    19356,
    21356,
    23356,
    25356
  ],
  "return_mean": [
    -277.625,
    -263.39,
    -249.395,
    -266.32,
    -255.655,
    -240.86,
    -220.88942307692307,
    -218.235,
    -223.35,
    -266.57,
    -254.645,
    -218.545,
    -199.365
  ],
  "return_mean_T": [
    80,
    2080,
    4080,
    6080,
    8080,
    10080,
    12156,
    14156,
    16156,
    18156,
    20156,
    22156,
    24156
  ],
  "return_std": [
    179.9020132599966,
    171.02464120704946,
    171.67675723580055,
    170.33434063629093,
    189.93055566443223,
    197.4112975490511,
    280.4100230768773,
    256.93263664820785,
    277.2860932322427,
    209.06337579786663,
    230.540276253413,
    248.34401135320337,
    271.4863933514901
  ],
  "return_std_T": [
    80,
    2080,
    4080,
    6080,
    8080,
    10080,
    12156,
    14156,
    16156,
    18156,
    20156,
    22156,
    24156
  ],
  "target_mean": [
    -55.5353515625,
    -53.49146728515625,
    -57.88425903320312,
    -55.8199951171875,
    -45.21011047363281,
    -55.90894775390625,
    -54.292425537109374,
    -59.05789794921875,
    -50.18355102539063,
    -51.105838012695315,
    -66.63644409179688,
    -78.37129516601563,
    -65.7584492554859
  ],
  "target_mean_T": [
    1280,
    3280,
    5280,
    7280,
    9280,
    11356,
    13356,
    15356,
    17356,
    19356,
    21356,
    23356,
    25356
  ],
  "td_error_abs": [
    74.34306640625,
    69.79420166015625,
    70.83695068359376,
    69.93414306640625,
    82.72688598632813,
    77.78416137695312,
    84.48685913085937,
    81.09826049804687,
    87.52841186523438,
    81.46854248046876,
    93.19348754882813,
    89.58303833007812,
    91.74088949843261
  ],
  "td_error_abs_T": [
    1280,
    3280,
    5280,
    7280,
    9280,
    11356,
    13356,
    15356,
    17356,
    19356,
    21356,
    23356,
    25356
  ],
  "test_ep_length_mean": [
    10.0,
    10.0,
    10.0,
    10.0,
    10.0,
    10.0,
    10.0,
    10.0,
    10.0,
    10.0,
    10.0,
    10.0,
    10.0
  ],
  "test_ep_length_mean_T": [
    80,
    2080,
    4080,
    6080,
    8080,
    10080,
    12156,
    14156,
    16156,
    18156,
    20156,
    22156,
    24156
  ],
  "test_return_mean": [
    -237.16666666666666,
    -10.0,
    -437.9166666666667,
    -316.7916666666667,
    -445.25,
    -448.9583333333333,
    -273.1666666666667,
    -250.70833333333334,
    -482.25,
    -250.70833333333334,
    -239.95833333333334,
    -336.625,
    -207.41666666666666
  ],
  "test_return_mean_T": [
    80,
    2080,
    4080,
    6080,
    8080,
    10080,
    12156,
    14156,
    16156,
    18156,
    20156,
    22156,
    24156
  ],
  "test_return_std": [
    138.19541317360074,
    0.0,
    134.08732125828385,
    161.32291094950594,
    198.03056371849942,
    235.66651564705202,
    199.1880741633115,
    286.61653813162206,
    132.9981986093546,
    296.5280311604434,
    280.66950896719953,
    283.72900986974645,
    269.451281413831
  ],
  "test_return_std_T": [
    80,
    2080,
    4080,
    6080,
    8080,
    10080,
    12156,
    14156,
    16156,
    18156,
    20156,
    22156,
    24156
  ],
  "w_to_use": [
    0.13726556301116943,
    0.1618749499320984,
    0.17171870172023773,
    0.17031243443489075,
    0.18437495827674866,
    0.18226557970046997,
    0.17171871662139893,
    0.17453119158744812,
    0.1949218511581421,
    0.19703121483325958,
    0.19984373450279236,
    0.1928124725818634,
    0.2448437660932541
  ],
  "w_to_use_T": [
    1280,
    3280,
    5280,
    7280,
    9280,
    11356,
    13356,
    15356,
    17356,
    19356,
    21356,
    23356,
    25356
  ]
}