{
  "agent_norm": [
    4.9709606820361225,
    44.71309295931921,
    244.18599429528035,
    637.9364867129729,
    283.49193951268427
  ],
  "agent_norm_T": [
    3840,
    6000,
    8160,
    10320,
    12480
  ],
  "central_loss": [
    3423.189208984375,
    3321.477783203125,
    1901.7174072265625,
    959.2828369140625,
    1278.1536865234375
  ],
  "central_loss_T": [
    3840,
    6000,
    8160,
    10320,
    12480
  ],
  "ep_length_mean": [
    30.0,
    30.0,
    30.0,
    30.0,
    30.0,
    30.0,
    30.0
  ],
  "ep_length_mean_T": [
    240,
    2400,
    4560,
    6720,
    8880,
    11040,
    13200
  ],
  "episode": [
    72,
    144,
    216,
    288,
    360,
    432
  ],
  "episode_T": [
    2160,
    4320,
    6480,
    8640,
    10800,
    12960
  ],
  "epsilon": [
    1.0,
    0.97948,
    0.95896,
    0.93844,
    0.9179200000000001,
    0.8974,
    0.87688
  ],
  "epsilon_T": [
    240,
    2400,
    4560,
    6720,
    8880,
    11040,
    13200
  ],
  "grad_norm": [
    389.7457444038253,
    603.1183859397821,
    9546.18176625895,
    796.7723337875518,
    1757.544037325013
  ],
  "grad_norm_T": [
    3840,
    6000,
    8160,
    10320,
    12480
  ],
  "loss": [
    5046.5546875,
    5059.3916015625,
    3351.454345703125,
    2314.001220703125,
    2939.927734375
  ],
  "loss_T": [
    3840,
    6000,
    8160,
    10320,
    12480
  ],
  "mixer_norm": [
    159.27332966900568,
    116.07315953702039,
    103.27225802372479,
    442.8411554507896,
    150.7948279371156
  ],
  "mixer_norm_T": [
    3840,
    6000,
    8160,
    10320,
    12480
  ],
  "q_taken_mean": [
    -0.29099051157633465,
    -11.481075032552083,
    -29.544734700520834,
    -43.0092529296875,
    -29.77064208984375
  ],
  "q_taken_mean_T": [
    3840,
    6000,
    8160,
    10320,
    12480
  ],
  "qmix_loss": [
    1623.365478515625,
    1737.9140625,
    1449.7369384765625,
    1354.7183837890625,
    1661.774169921875
  ],
  "qmix_loss_T": [
    3840,
    6000,
    8160,
    10320,
    12480
  ],
  "return_mean": [
    -959.125,
    -908.1527777777778,
    -880.8472222222222,
    -861.2916666666666,
    -850.3888888888889,
    -961.5694444444445,
    -915.7638888888889
  ],
  "return_mean_T": [
    240,
    2400,
    4560,
    6720,
    8880,
    11040,
    13200
  ],
  "return_std": [
    34.32359793203504,
    158.38846932307342,
    213.07840626048002,
    170.03646974007273,
    211.19603555014655,
    198.87955780019843,
    318.26960501085466
  ],
  "return_std_T": [
    240,
    2400,
    4560,
    6720,
    8880,
    11040,
    13200
  ],
  "target_mean": [
    -69.357470703125,
    -68.55673828125,
    -66.55964762369791,
    -69.7032958984375,
    -67.35465087890626
  ],
  "target_mean_T": [
    3840,
    6000,
    8160,
    10320,
    12480
  ],
  "td_error_abs": [
    75.092529296875,
    64.68978678385416,
    45.42431640625,
    39.98404541015625,
    47.133565266927086
  ],
  "td_error_abs_T": [
    3840,
    6000,
    8160,
    10320,
    12480
  ],
  "test_ep_length_mean": [
    30.0,
    30.0,
    30.0,
    30.0,
    30.0,
    30.0,
    30.0
  ],
  "test_ep_length_mean_T": [
    240,
    2400,
    4560,
    6720,
    8880,
    11040,
    13200
  ],
  "test_return_mean": [
    -480.0,
    -480.0,
    -330.0,
    -330.0,
    -1655.0,
    -930.0,
    -1713.0
  ],
  "test_return_mean_T": [
    240,
    2400,
    4560,
    6720,
    8880,
    11040,
    13200
  ],
  "test_return_std": [
    0.0,
    0.0,
    0.0,
    0.0,
    0.0,
    0.0,
    0.0
  ],
  "test_return_std_T": [
    240,
    2400,
    4560,
    6720,
    8880,
    11040,
    13200
  ],
  "w_to_use": [
    0.11406261473894119,
    0.11945325881242752,
    0.1714845597743988,
    0.3196093440055847,
    0.15554706752300262
  ],
  "w_to_use_T": [
    3840,
    6000,
    8160,
    10320,
    12480
  ]
}