{
  "ep_length_mean": [
    30.0,
    30.0,
    30.0,
    30.0,
    30.0
  ],
  "ep_length_mean_T": [
    240,
    2400,
    4560,
    6720,
    8880
  ],
  "episode": [
    72,
    144,
    216,
    288
  ],
  "episode_T": [
    2160,
    4320,
    6480,
    8640
  ],
  "epsilon": [
    1.0,
    0.97948,
    0.95896,
    0.93844,
    0.9179200000000001
  ],
  "epsilon_T": [
    240,
    2400,
    4560,
    6720,
    8880
  ],
  "grad_norm": [
    7.192315988037789,
    14.320679289792789,
    45.02212933875332,
    40.154048821760554
  ],
  "grad_norm_T": [
    3840,
    6000,
    8160,
    10320
  ],
  "loss_td": [
    4537.51318359375,
    4746.03759765625,
    4833.4521484375,
    5008.45458984375
  ],
  "loss_td_T": [
    3840,
    6000,
    8160,
    10320
  ],
  "q_taken_mean": [
    -0.006036114692687988,
    -0.08297732671101889,
    -0.37286074956258136,
    -1.155621846516927
  ],
  "q_taken_mean_T": [
    3840,
    6000,
    8160,
    10320
  ],
  "return_mean": [
    -609.0,
    -710.5833333333334,
    -805.5694444444445,
    -681.875,
    -753.125
  ],
  "return_mean_T": [
    240,
    2400,
    4560,
    6720,
    8880
  ],
  "return_std": [
    213.82995580600956,
    289.8187532272924,
    253.77586493185987,
    262.9392588021888,
    278.7130113725108
  ],
  "return_std_T": [
    240,
    2400,
    4560,
    6720,
    8880
  ],
  "target_mean": [
    -59.93324381510417,
    -61.073095703125,
    -59.83802083333333,
    -57.09669596354167
  ],
  "target_mean_T": [
    3840,
    6000,
    8160,
    10320
  ],
  "td_error_abs": [
    4537.513020833333,
    4746.0375,
    4833.452083333334,
    5008.4546875
  ],
  "td_error_abs_T": [
    3840,
    6000,
    8160,
    10320
  ],
  "test_ep_length_mean": [
    30.0,
    30.0,
    30.0,
    30.0,
    30.0
  ],
  "test_ep_length_mean_T": [
    240,
    2400,
    4560,
    6720,
    8880
  ],
  "test_return_mean": [
    -1500.0,
    -1500.0,
    -798.0,
    -1300.0,
    -1300.0
  ],
  "test_return_mean_T": [
    240,
    2400,
    4560,
    6720,
    8880
  ],
  "test_return_std": [
    0.0,
    0.0,
    0.0,
    0.0,
    0.0
  ],
  "test_return_std_T": [
    240,
    2400,
    4560,
    6720,
    8880
  ]
}