{
  "agent_norm": [
    3.854214089199056,
    4.410034355550915,
    5.105351193663244,
    6.536236538202155,
    9.819676364080669,
    11.777286452640771,
    23.95618973032307
  ],
  "agent_norm_T": [
    12800,
    15200,
    17594,
    19928,
    22328,
    24728,
    27128
  ],
  "central_loss": [
    3804.4658203125,
    3857.62255859375,
    4276.318359375,
    4228.78076171875,
    4002.9033203125,
    3910.655517578125,
    2798.352294921875
  ],
  "central_loss_T": [
    12800,
    15200,
    17594,
    19928,
    22328,
    24728,
    27128
  ],
  "ep_length_mean": [
    100.0,
    100.0,
    100.0,
    100.0,
    100.0,
    100.0,
    100.0,
    99.75,
    97.25,
    100.0,
    100.0,
    100.0
  ],
  "ep_length_mean_T": [
    800,
    3200,
    5600,
    8000,
    10400,
    12800,
    15200,
    17594,
    19928,
    22328,
    24728,
    27128
  ],
  "episode": [
    24,
    48,
    72,
    96,
    120,
    144,
    168,
    192,
    216,
    240,
    264
  ],
  "episode_T": [
    2400,
    4800,
    7200,
    9600,
    12000,
    14400,
    16795,
    19128,
    21528,
    23928,
    26328
  ],
  "epsilon": [
    1.0,
    0.9772,
    0.9544,
    0.9316,
    0.9088,
    0.886,
    0.8632,
    0.8404475,
    0.818284,
    0.7954840000000001,
    0.772684,
    0.749884
  ],
  "epsilon_T": [
    800,
    3200,
    5600,
    8000,
    10400,
    12800,
    15200,
    17594,
    19928,
    22328,
    24728,
    27128
  ],
  "grad_norm": [
    314.7865529569632,
    337.6917915846299,
    432.5767585193199,
    644.3490063606218,
    1012.7214946691678,
    1514.3340753281318,
    2181.91797936777
  ],
  "grad_norm_T": [
    12800,
    15200,
    17594,
    19928,
    22328,
    24728,
    27128
  ],
  "loss": [
    6120.5322265625,
    6278.85009765625,
    7468.0947265625,
    7473.9482421875,
    7070.93359375,
    7279.47900390625,
    4902.10546875
  ],
  "loss_T": [
    12800,
    15200,
    17594,
    19928,
    22328,
    24728,
    27128
  ],
  "mixer_norm": [
    18.765442964384363,
    16.851273933856564,
    16.58262864995444,
    18.137133064131802,
    20.392617160161013,
    22.922761548874696,
    44.84331880063792
  ],
  "mixer_norm_T": [
    12800,
    15200,
    17594,
    19928,
    22328,
    24728,
    27128
  ],
  "q_taken_mean": [
    -0.14538195610046387,
    -0.3288404083251953,
    -0.5424199011133148,
    -0.7604092372401126,
    -1.0818228031218085,
    -1.4809969516961075,
    -2.045348815917969
  ],
  "q_taken_mean_T": [
    12800,
    15200,
    17594,
    19928,
    22328,
    24728,
    27128
  ],
  "qmix_loss": [
    2316.066162109375,
    2421.2275390625,
    3191.7763671875,
    3245.16748046875,
    3068.0302734375,
    3368.823486328125,
    2103.7529296875
  ],
  "qmix_loss_T": [
    12800,
    15200,
    17594,
    19928,
    22328,
    24728,
    27128
  ],
  "return_mean": [
    -2941.5,
    -2826.5416666666665,
    -2810.0833333333335,
    -2815.8333333333335,
    -2756.75,
    -2675.7083333333335,
    -2894.375,
    -3132.5416666666665,
    -3119.0416666666665,
    -3527.8333333333335,
    -3398.0,
    -3553.0833333333335
  ],
  "return_mean_T": [
    800,
    3200,
    5600,
    8000,
    10400,
    12800,
    15200,
    17594,
    19928,
    22328,
    24728,
    27128
  ],
  "return_std": [
    219.04451602356997,
    344.2148044422584,
    299.2942972876177,
    266.5374687022863,
    348.1932234167307,
    311.19038641516903,
    365.2769283365704,
    650.2792335583401,
    948.3024956541498,
    259.9778302513932,
    229.01255424102845,
    255.8283794308642
  ],
  "return_std_T": [
    800,
    3200,
    5600,
    8000,
    10400,
    12800,
    15200,
    17594,
    19928,
    22328,
    24728,
    27128
  ],
  "target_mean": [
    -33.9247802734375,
    -34.17843505859375,
    -34.68347956073159,
    -35.05851864155073,
    -35.864207714667295,
    -36.22796086055964,
    -37.5322314453125
  ],
  "target_mean_T": [
    12800,
    15200,
    17594,
    19928,
    22328,
    24728,
    27128
  ],
  "td_error_abs": [
    77.8248046875,
    78.287607421875,
    79.91964006565577,
    80.26317512115054,
    80.6843624793778,
    81.86678325777709,
    80.3728955078125
  ],
  "td_error_abs_T": [
    12800,
    15200,
    17594,
    19928,
    22328,
    24728,
    27128
  ],
  "test_ep_length_mean": [
    100.0,
    100.0,
    100.0,
    100.0,
    100.0,
    100.0,
    100.0,
    100.0,
    100.0,
    100.0,
    100.0
  ],
  "test_ep_length_mean_T": [
    800,
    3200,
    5600,
    8000,
    10400,
    12800,
    15200,
    17594,
    19928,
    22328,
    24728
  ],
  "test_return_mean": [
    -2502.9166666666665,
    -1631.25,
    -1598.75,
    -2055.8333333333335,
    -1390.0,
    -3408.75,
    -5791.666666666667,
    -6000.0,
    -5926.666666666667,
    -5916.666666666667,
    -5916.666666666667
  ],
  "test_return_mean_T": [
    800,
    3200,
    5600,
    8000,
    10400,
    12800,
    15200,
    17594,
    19928,
    22328,
    24728
  ],
  "test_return_std": [
    1778.542191343486,
    1708.4162073394177,
    1632.7336803145006,
    1727.3363807383384,
    1666.9258131862578,
    2120.4113447237855,
    610.9532624422992,
    0.0,
    195.22778718432704,
    276.38539919628334,
    235.70226039551585
  ],
  "test_return_std_T": [
    800,
    3200,
    5600,
    8000,
    10400,
    12800,
    15200,
    17594,
    19928,
    22328,
    24728
  ],
  "w_to_use": [
    0.1237652599811554,
    0.12411683052778244,
    0.12573400139808655,
    0.12552304565906525,
    0.12917928397655487,
    0.12721054255962372,
    0.12271057069301605
  ],
  "w_to_use_T": [
    12800,
    15200,
    17594,
    19928,
    22328,
    24728,
    27128
  ]
}