{
  "actor_loss": [
    -0.022963598370552063,
    -0.026790961623191833,
    -0.031118398532271385,
    -0.034169185906648636,
    -0.03466997295618057,
    -0.035398971289396286,
    -0.035145603120326996,
    -0.037750255316495895,
    -0.038470085710287094,
    -0.04051927477121353,
    -0.04095371440052986,
    -0.04409632459282875,
    -0.046845048666000366,
    -0.04816717654466629,
    -0.04876363277435303,
    -0.05033824220299721,
    -0.05036235600709915,
    -0.0491102933883667,
    -0.05022173747420311,
    -0.048776522278785706,
    -0.05062036216259003,
    -0.053071580827236176,
    -0.0536595843732357,
    -0.05610772594809532,
    -0.0573156364262104,
    -0.0601554811000824,
    -0.06086692214012146,
    -0.0625951960682869
  ],
  "actor_loss_T": [
    19200,
    21600,
    24000,
    26400,
    28800,
    31200,
    33600,
    36000,
    38400,
    40800,
    43200,
    45600,
    48000,
    50400,
    52800,
    55200,
    57600,
    60000,
    62400,
    64800,
    67200,
    69600,
    72000,
    74400,
    76800,
    79200,
    81600,
    84000
  ],
  "advantage_mean": [
    1.629193623860677e-08,
    -8.742014567057292e-09,
    -7.947285970052083e-09,
    1.1920928955078125e-09,
    -9.5367431640625e-09,
    1.5894571940104168e-09,
    1.509984334309896e-08,
    4.76837158203125e-09,
    -2.384185791015625e-09,
    -5.563100179036459e-09,
    -1.5894571940104168e-09,
    -2.582867940266927e-09,
    -1.1920928955078125e-09,
    -1.5894571940104168e-09,
    4.371007283528646e-09,
    -7.947285970052083e-09,
    -1.1920928955078125e-09,
    0.0,
    -2.7815500895182293e-09,
    -2.086162567138672e-09,
    1.986821492513021e-09,
    7.947285970052084e-10,
    -2.185503641764323e-09,
    4.76837158203125e-09,
    -3.5762786865234374e-09,
    7.947285970052084e-10,
    4.76837158203125e-09,
    0.0
  ],
  "advantage_mean_T": [
    19200,
    21600,
    24000,
    26400,
    28800,
    31200,
    33600,
    36000,
    38400,
    40800,
    43200,
    45600,
    48000,
    50400,
    52800,
    55200,
    57600,
    60000,
    62400,
    64800,
    67200,
    69600,
    72000,
    74400,
    76800,
    79200,
    81600,
    84000
  ],
  "critic_loss": [
    0.49452605843544006,
    0.5347709655761719,
    0.5095288157463074,
    0.446481317281723,
    0.40582510828971863,
    0.3965066969394684,
    0.376144677400589,
    0.37938088178634644,
    0.4299696385860443,
    0.3941952884197235,
    0.3707035183906555,
    0.40109604597091675,
    0.3932839334011078,
    0.35103484988212585,
    0.3572709560394287,
    0.3294081687927246,
    0.2778090536594391,
    0.26188135147094727,
    0.28060734272003174,
    0.28865376114845276,
    0.3224392831325531,
    0.36307063698768616,
    0.3616068661212921,
    0.3968600034713745,
    0.42047393321990967,
    0.3936455547809601,
    0.35402289032936096,
    0.4098876118659973
  ],
  "critic_loss_T": [
    19200,
    21600,
    24000,
    26400,
    28800,
    31200,
    33600,
    36000,
    38400,
    40800,
    43200,
    45600,
    48000,
    50400,
    52800,
    55200,
    57600,
    60000,
    62400,
    64800,
    67200,
    69600,
    72000,
    74400,
    76800,
    79200,
    81600,
    84000
  ],
  "entropy_loss": [
    6.25698709487915,
    6.25814151763916,
    6.257874965667725,
    6.258094787597656,
    6.257106304168701,
    6.255410194396973,
    6.253940582275391,
    6.2527995109558105,
    6.251045227050781,
    6.249668598175049,
    6.248359203338623,
    6.246120452880859,
    6.2439775466918945,
    6.2423553466796875,
    6.240918159484863,
    6.23850154876709,
    6.236889839172363,
    6.2340826988220215,
    6.233677387237549,
    6.2329792976379395,
    6.231797695159912,
    6.229052543640137,
    6.226089000701904,
    6.2248215675354,
    6.22263765335083,
    6.218315601348877,
    6.214916229248047,
    6.211591720581055
  ],
  "entropy_loss_T": [
    19200,
    21600,
    24000,
    26400,
    28800,
    31200,
    33600,
    36000,
    38400,
    40800,
    43200,
    45600,
    48000,
    50400,
    52800,
    55200,
    57600,
    60000,
    62400,
    64800,
    67200,
    69600,
    72000,
    74400,
    76800,
    79200,
    81600,
    84000
  ],
  "ep_length_mean": [
    300.0,
    300.0,
    300.0,
    300.0,
    300.0,
    300.0,
    300.0,
    300.0,
    300.0,
    300.0,
    300.0,
    300.0,
    300.0,
    300.0,
    300.0,
    300.0,
    300.0,
    300.0,
    300.0,
    300.0,
    300.0,
    300.0,
    300.0,
    300.0,
    300.0,
    300.0,
    300.0,
    300.0,
    300.0,
    300.0,
    300.0,
    300.0,
    300.0,
    300.0,
    300.0
  ],
  "ep_length_mean_T": [
    2400,
    4800,
    7200,
    9600,
    12000,
    14400,
    16800,
    19200,
    21600,
    24000,
    26400,
    28800,
    31200,
    33600,
    36000,
    38400,
    40800,
    43200,
    45600,
    48000,
    50400,
    52800,
    55200,
    57600,
    60000,
    62400,
    64800,
    67200,
    69600,
    72000,
    74400,
    76800,
    79200,
    81600,
    84000
  ],
  "episode": [
    8,
    16,
    24,
    32,
    40,
    48,
    56,
    64,
    72,
    80,
    88,
    96,
    104,
    112,
    120,
    128,
    136,
    144,
    152,
    160,
    168,
    176,
    184,
    192,
    200,
    208,
    216,
    224,
    232,
    240,
    248,
    256,
    264,
    272
  ],
  "episode_T": [
    2400,
    4800,
    7200,
    9600,
    12000,
    14400,
    16800,
    19200,
    21600,
    24000,
    26400,
    28800,
    31200,
    33600,
    36000,
    38400,
    40800,
    43200,
    45600,
    48000,
    50400,
    52800,
    55200,
    57600,
    60000,
    62400,
    64800,
    67200,
    69600,
    72000,
    74400,
    76800,
    79200,
    81600
  ],
  "epsilon": [
    1.0,
    0.976,
    0.952,
    0.9279999999999999,
    0.904,
    0.88,
    0.856,
    0.832,
    0.808,
    0.784,
    0.76,
    0.736,
    0.712,
    0.688,
    0.6639999999999999,
    0.6399999999999999,
    0.616,
    0.592,
    0.568,
    0.544,
    0.52,
    0.496,
    0.472,
    0.44799999999999995,
    0.42399999999999993,
    0.3999999999999999,
    0.376,
    0.352,
    0.32799999999999996,
    0.30399999999999994,
    0.2799999999999999,
    0.2559999999999999,
    0.23199999999999998,
    0.20799999999999996,
    0.18399999999999994
  ],
  "epsilon_T": [
    2400,
    4800,
    7200,
    9600,
    12000,
    14400,
    16800,
    19200,
    21600,
    24000,
    26400,
    28800,
    31200,
    33600,
    36000,
    38400,
    40800,
    43200,
    45600,
    48000,
    50400,
    52800,
    55200,
    57600,
    60000,
    62400,
    64800,
    67200,
    69600,
    72000,
    74400,
    76800,
    79200,
    81600,
    84000
  ],
  "grad_norm": [
    0.10396107321320784,
    0.27097752046351736,
    0.21108013537706902,
    0.09945885256040529,
    0.24231863012648286,
    0.2746678187579292,
    0.6347409740192317,
    0.912776227182356,
    1.4840117133176027,
    1.3178395529433438,
    1.020685353986896,
    1.707411918301452,
    2.9340677809644915,
    1.474658084778805,
    0.593725876513973,
    0.3141355036351566,
    1.3335375494832917,
    1.8841971536860151,
    2.654471631425817,
    5.217407450934222,
    1.926129644010042,
    5.408151850037585,
    6.1055652010258665,
    4.068082793076418,
    0.6772229728385817,
    3.5959281384758737,
    3.9489003171767223,
    12.320113795994018
  ],
  "grad_norm_T": [
    19200,
    21600,
    24000,
    26400,
    28800,
    31200,
    33600,
    36000,
    38400,
    40800,
    43200,
    45600,
    48000,
    50400,
    52800,
    55200,
    57600,
    60000,
    62400,
    64800,
    67200,
    69600,
    72000,
    74400,
    76800,
    79200,
    81600,
    84000
  ],