{
  "agent_grad_norm": [
    0.06906059735761255,
    6.199050343027722,
    7.8672474867905295,
    11.058118411336784,
    0.44966361469301136,
    2.2311921570590654,
    4.168321898199889
  ],
  "agent_grad_norm_T": [
    44,
    2048,
    4050,
    6050,
    8050,
    10050,
    12050
  ],
  "critic_grad_norm": [
    314.0434024987917,
    149.3038774393537,
    23.728189416898452,
    0.06299712402573347,
    1.9339170899549591,
    0.22940552597699523,
    0.22753037802370396
  ],
  "critic_grad_norm_T": [
    44,
    2048,
    4050,
    6050,
    8050,
    10050,
    12050
  ],
  "critic_loss": [
    1334.3594970703125,
    85.60674285888672,
    8.510824203491211,
    5.261406840872951e-06,
    0.011012294329702854,
    3.548885433701798e-05,
    0.00015412498032674193
  ],
  "critic_loss_T": [
    44,
    2048,
    4050,
    6050,
    8050,
    10050,
    12050
  ],
  "entropy": [
    2.769676446914673,
    1.3499701023101807,
    1.6516692638397217,
    1.7615288496017456,
    1.7847501039505005,
    1.6776169538497925,
    1.8461759090423584
  ],
  "entropy_T": [
    44,
    2048,
    4050,
    6050,
    8050,
    10050,
    12050
  ],
  "ep_length_mean": [
    1.125,
    1.1100663716814159,
    1.001,
    1.0,
    1.0,
    1.0,
    1.0
  ],
  "ep_length_mean_T": [
    9,
    2016,
    4018,
    6018,
    8018,
    10018,
    12018
  ],
  "episode": [
    1800,
    3800,
    5800,
    7800,
    9800,
    11800
  ],
  "episode_T": [
    2000,
    4002,
    6002,
    8002,
    10002,
    12002
  ],
  "epsilon": [
    0.0,
    0.0,
    0.0,
    0.0,
    0.0,
    0.0,
    0.0
  ],
  "epsilon_T": [
    9,
    2016,
    4018,
    6018,
    8018,
    10018,
    12018
  ],
  "mix_loss": [
    1.097714900970459,
    16.796117782592773,
    15.9479341506958,
    18.905759811401367,
    16.361499786376953,
    15.46909236907959,
    18.17567253112793
  ],
  "mix_loss_T": [
    44,
    2048,
    4050,
    6050,
    8050,
    10050,
    12050
  ],
  "q_t_mean": [
    -1.0279958031394265,
    -18.38503646850586,
    -21.17559814453125,
    -17.249401092529297,
    -21.004892349243164,
    -17.249814987182617,
    -21.000869750976562
  ],
  "q_t_mean_T": [
    44,
    2048,
    4050,
    6050,
    8050,
    10050,
    12050
  ],
  "return_mean": [
    -24.625,
    -24.714601769911503,
    -20.8325,
    -20.1,
    -21.529,
    -20.82,
    -20.6945
  ],
  "return_mean_T": [
    9,
    2016,
    4018,
    6018,
    8018,
    10018,
    12018
  ],
  "return_std": [
    39.62618294764208,
    34.27145292956457,
    30.247155961346188,
    29.98649696113235,
    30.046316895752796,
    29.999459995139915,
    30.0049524203922
  ],
  "return_std_T": [
    9,
    2016,
    4018,
    6018,
    8018,
    10018,
    12018
  ],
  "target_mean": [
    -17.118535822088067,
    -18.4375,
    -20.65625,
    -17.25,
    -21.0,
    -17.25,
    -21.0
  ],
  "target_mean_T": [
    44,
    2048,
    4050,
    6050,
    8050,
    10050,
    12050
  ],
  "td_error_abs": [
    25.75898603959517,
    2.726879596710205,
    0.5455403327941895,
    0.001601576805114746,
    0.051428020000457764,
    0.004740387201309204,
    0.009099751710891724
  ],
  "td_error_abs_T": [
    44,
    2048,
    4050,
    6050,
    8050,
    10050,
    12050
  ],
  "test_ep_length_mean": [
    1.0,
    1.0,
    1.0,
    1.0,
    1.0,
    1.0,
    1.0
  ],
  "test_ep_length_mean_T": [
    9,
    2016,
    4018,
    6018,
    8018,
    10018,
    12018
  ],
  "test_return_mean": [
    -40.0,
    -21.0,
    -16.0,
    -20.375,
    -19.125,
    -16.0,
    -19.75
  ],
  "test_return_mean_T": [
    9,
    2016,
    4018,
    6018,
    8018,
    10018,
    12018
  ],
  "test_return_std": [
    0.0,
    30.0,
    29.58039891549808,
    29.99348887675457,
    29.94134891750871,
    29.58039891549808,
    29.973947020704497
  ],
  "test_return_std_T": [
    9,
    2016,
    4018,
    6018,
    8018,
    10018,
    12018
  ]
}